Email,problem0,problem1,problem2,problem3,problem4,Score
sammie.jaydaa@gmail.com,7,10,10,10,10,45
juan.quay@aol.com,10,10,6.5,0,--------,26.5
gino.branston@gatech.edu,10,5,10,10,10,45
robert.gioanna@gatech.edu,10,10,10,10,10,45
adam.evemarie@gmail.com,10,10,10,10,10,45
christine.leani@yahoo.com,7,5,9,10,10,41
hattie.gabriella@gmail.com,10,10,10,10,7,45
fatima.shack@gmail.com,10,10,10,10,10,45
isabella.suesan@gmail.com,10,10,10,10,10,45
edward.elizaida@gatech.edu,10,10,10,5,10,45
bridget.zykeira@gmail.com,7,10,8,10,10,45
jude.ahsir@gatech.edu,10,10,10,10,7,45
allison.link@yahoo.com,7,2,--------,--------,--------,9
kari.reighlynn@gatech.edu,5,10,10,10,10,45
daniel.raihan@gmail.com,10,10,10,10,10,45
aneesa.blaidyn@aol.com,10,10,10,10,10,45
erika.diaan@gmail.com,10,10,10,5,10,45
lawrence.kiyona@hotmail.com,4,8,5.5,10,6,33.5
michaela.ashauria@gmail.com,10,10,10,10,10,45
susan.jannick@gmail.com,10,10,10,5,10,45
rene.amritpal@gmail.com,10,10,10,10,10,45
pamela.chasitity@gatech.edu,10,10,10,5,10,45
tavares.alymuhammad@gmail.com,10,10,9,10,6,45
damon.martise@gmail.com,10,10,10,10,6,45
betty.pancho@gmail.com,10,10,10,10,10,45
jessie.telesfor@gatech.edu,10,10,10,10,10,45
ron.mariadelosangel@gmail.com,5,10,10,10,10,45
rita.devun@gmail.com,7,10,9,10,10,45
madeline.soila@gatech.edu,10,10,10,10,10,45
nathan.raylean@hotmail.com,7,10,10,10,10,45
blair.olivianna@gmail.com,10,10,9,10,6,45
bryce.daziah@gmail.com,2,10,10,10,2,34
audrey.khushbu@gmail.com,10,2,9,--------,1,22
virginia.marqell@gmail.com,4,10,10,5,10,39
charles.monir@gatech.edu,10,10,10,5,10,45
barbara.dewarren@gmail.com,10,10,10,2,10,42
kathy.kym@gmx.at,10,10,10,10,10,45
buddy.keyria@gmail.com,10,10,10,10,6,45
janet.tenaj@gmail.com,10,10,10,5,10,45
jack.othmar@gmail.com,5,10,10,10,10,45
jessi.reggan@gmail.com,10,10,10,10,10,45
david.caswell@duke.edu,7,3,10,2,--------,22
george.hinata@gatech.edu,10,10,10,10,8,45
devan.sameya@gmail.com,7,10,10,10,10,45
mary.amedio@gatech.edu,10,10,10,10,5,45
max.nequita@valensdatalabs.com,10,10,10,5,10,45
sharon.syniya@gmail.com,10,10,9,7,10,45
karen.adnrew@google.com,10,10,9,10,10,45
barbara.wilhemina@gatech.edu,10,2,0,0,0,12
bonna.tahisha@yahoo.com,10,10,10,10,7,45
randy.vincente@me.com,7,10,10,10,6,43
mel.gilman@gatech.edu,7,10,8,--------,1,26
daniel.tashera@gmail.com,10,10,10,5,6,41
tiffany.quindell@gmail.com,10,10,10,10,10,45
jan.taqi@gatech.edu,10,10,10,10,6,45
ronald.elfie@gmail.com,7,10,10,10,10,45
eileen.malu@gmail.com,10,10,10,10,6,45
elizabeth.america@gmail.com,10,10,10,10,10,45
jessie.armetta@gatech.edu,10,10,10,10,10,45
bradley.dailey@case.edu,10,10,10,10,10,45
emily.zoeyann@gmail.com,10,10,10,10,10,45
earl.mahika@gmail.com,10,10,10,10,10,45
alice.matthewdavid@gmail.com,10,10,10,10,10,45
ryo.hinano@hotmail.co.jp,7,10,9,10,10,45
denise.zykai@gmail.com,10,10,10,10,6,45
heather.vedah@gmail.com,7,--------,0,10,0,17
philip.lebarron@gmail.com,10,10,10,10,10,45
charles.saya@gmail.com,10,10,10,10,10,45
cody.eastin@gmail.com,10,10,10,10,6,45
anquette.zeshaun@gmail.com,10,10,10,10,10,45
destiny.charnaye@gatech.edu,10,10,10,10,10,45
sergio.cherye@gmail.com,10,10,10,10,6,45
george.kayleeanna@gmail.com,10,10,10,10,10,45
henry.marcenia@hel.fi,10,10,10,10,10,45
william.sanvi@gmail.com,10,10,9,5,10,44
dustin.maleeah@gmail.com,7,10,10,10,10,45
juanita.esiah@gmail.com,10,10,10,10,10,45
coltin.taliya@hotmail.com,10,10,8,10,10,45
stacie.swadha@gmail.com,10,10,10,10,10,45
payton.michoel@gmail.com,10,10,10,10,10,45
tina.davontaye@gmail.com,10,10,10,10,10,45
hayden.mixtly@ieee.org,10,10,10,10,10,45
susan.sanai@gatech.edu,10,10,10,10,10,45
chad.kamiyra@gatech.edu,10,10,10,10,10,45
betsy.rictoria@bucknell.edu,7,10,10,10,10,45
chad.darnella@gmail.com,10,10,10,10,10,45
gale.syler@gmail.com,10,10,10,5,10,45
edna.teerica@gmail.com,10,10,10,7,5,42
lyrik.tasmine@hotmail.com,10,10,10,10,10,45
trey.haldrin@gmail.com,7,10,10,10,10,45
peter.branwyn@gmail.com,7,10,10,10,10,45
jasmine.cread@gatech.edu,2,10,9,10,10,41
kai.rex@gmail.com,7,10,10,10,10,45
thomas.masao@gmail.com,10,10,10,5,10,45
bruce.ranelle@gmail.com,7,10,--------,--------,--------,17
jonathan.nilsa@gmail.com,10,10,10,5,10,45
savanna.equasha@gatech.edu,10,10,10,5,10,45
james.marcisha@gatech.edu,10,10,10,10,10,45
alexis.lareesa@gatech.edu,10,10,10,5,10,45
linda.sheyli@gmail.com,7,10,10,10,10,45
aaliyah.tayviona@gatech.edu,10,8,--------,5,--------,23
christopher.dailee@gmail.com,10,10,9,10,6,45
michael.dixy@gmail.com,10,10,10,10,10,45
gregory.shondell@gmail.com,10,10,10,10,10,45
arlyn.orlandra@gmail.com,10,10,10,10,10,45
andrew.jlah@hotmail.co.uk,10,10,10,5,10,45
randolph.nathalye@gmail.com,10,10,10,10,10,45
jeanine.antesha@gmail.com,10,10,10,10,10,45
sherrie.rury@gmail.com,10,10,10,10,10,45
abigail.lynnon@gmail.com,--------,0,--------,0,--------,0
richard.chontell@gmail.com,10,10,10,10,10,45
andrea.shayaan@gmail.com,7,10,9,5,10,41
kamil.keiarah@gmail.com,10,10,10,5,10,45
leena.roah@gatech.edu,10,10,10,10,10,45
matthew.wassil@gmail.com,4,10,--------,10,1,25
zitlaly.nester@valensdatalabs.com,10,10,10,5,10,45
larry.girlene@gmail.com,10,10,10,10,10,45
nikki.lysander@gmail.com,10,10,10,10,10,45
canaan.cynsere@hotmail.com,7,10,1,--------,--------,18
elijah.lareta@gatech.edu,5,10,10,10,10,45
thelma.ousman@gmail.com,10,7,8,0,0,25
hobart.malala@gmail.com,10,10,9,5,10,44
harry.narsiso@gmail.com,10,10,6,10,10,45
benjamin.zanthia@gatech.edu,10,10,10,10,10,45
tristen.markiah@gatech.edu,7,10,10,10,10,45
boston.shyera@gmail.com,10,10,10,5,10,45
james.makaleb@gmail.com,5,10,7,10,9,41
justin.jernee@gatech.edu,10,10,10,10,10,45
martha.twanetta@numera.consulting,10,10,10,10,10,45
kassandra.starshema@gatech.edu,10,10,10,10,10,45
franklin.ginnette@gmail.com,10,10,10,10,6,45
kenneth.shontae@gmail.com,10,10,10,10,6,45
lester.yesmi@gatech.edu,10,10,10,10,10,45
leigh.nadiyah@gatech.edu,10,10,9,5,10,44
jennifer.matea@gatech.edu,7,10,10,10,10,45
aubrey.keadyn@gmail.com,10,10,10,10,10,45
tracy.giovoni@gatech.edu,10,10,10,10,10,45
glenda.ashritha@gmail.com,7,10,8,10,10,45
adelina.roxene@gmail.com,7,10,9,10,10,45
paul.paxson@gatech.edu,10,10,10,10,10,45
eugene.chares@gatech.edu,10,10,10,5,10,45
stella.latreace@gmail.com,10,10,10,5,10,45
brian.nansy@gmail.com,10,10,10,5,10,45
kathryn.colt@mycit.ie,10,10,10,5,10,45
kenneth.bryland@gatech.edu,10,10,10,10,10,45
jonathan.waheedah@gmail.com,10,10,8,10,10,45
stacy.loneta@gmail.com,10,10,10,5,10,45
jamie.asadbek@gmail.com,10,10,10,5,10,45
sean.henrene@gmail.com,10,10,10,5,10,45
maximus.khingston@gmail.com,10,10,10,5,10,45
barbara.kalesi@gmail.com,10,10,9,5,10,44
timothy.bunita@gmail.com,10,10,10,5,10,45
iwao.jency@gmail.com,10,10,10,5,10,45
jason.jehlani@gmail.com,2,--------,--------,5,--------,7
carlos.nasra@gatech.edu,7,10,10,10,10,45
john.ladia@mycit.ie,10,10,10,10,10,45
brian.aloria@gmail.com,7,5,10,5,10,37
sierra.kyrsha@gatech.edu,10,10,10,10,10,45
james.adeanna@email.arizona.edu,10,10,10,5,10,45
michelle.fionnlagh@gmail.com,10,10,10,5,10,45
mary.ceniyah@brunswickschool.org,7,10,8,0,10,35
breanna.abdulmalek@gatech.edu,10,10,10,10,10,45
crystal.antwann@gmail.com,7,8,10,10,10,45
eric.tamiesha@gmail.com,10,8,10,5,7,40
charlene.cherree@gatech.edu,10,10,10,10,5,45
keith.saraiya@gmail.com,10,10,10,10,10,45
gary.lamiek@gmail.com,10,10,10,5,10,45
joan.christineanne@gmail.com,5,10,10,10,10,45
vivian.kisher@gmail.com,10,10,10,5,10,45
dana.ashliegh@gatech.edu,10,10,10,5,10,45
brodie.scottia@gmail.com,10,10,10,10,10,45
andrew.rish@hotmail.com,10,10,6.5,10,10,45
jeffrey.raoof@gmail.com,10,10,10,5,10,45
angel.kaesha@gatech.edu,10,10,10,10,10,45
kathy.tavaughn@gmail.com,10,10,10,5,10,45
michael.johnjack@gmail.com,10,10,10,5,10,45
jamilah.marcellyn@yahoo.com,10,10,10,10,6,45
steven.dashiya@gmail.com,10,10,10,10,6,45
john.terasa@gatech.edu,7,10,9,5,7,38
charity.rieley@gatech.edu,10,10,10,10,10,45
dana.branch@gmail.com,10,10,10,10,10,45
kathleen.morrigan@gmail.com,10,10,10,10,10,45
kimberly.nealon@gmail.com,10,10,1,2,1,24
lillyanna.dester@poczta.onet.pl,10,10,10,10,10,45
christopher.denean@gatech.edu,10,10,10,10,10,45
frances.abigial@gmail.com,10,10,10,5,10,45
barbara.hatsumi@gmail.com,10,10,10,10,6,45
adena.talaiya@qq.com,10,10,10,10,6,45
michael.jakeil@gmail.com,10,10,10,10,6,45
sandra.rethia@gmail.com,10,10,8,5,10,43
george.kareema@outlook.com,10,10,10,10,10,45
michael.corderick@gmail.com,10,10,10,5,10,45
alex.yaret@gatech.edu,10,5,0,2,10,27
helana.khalyn@gmail.com,10,10,10,10,10,45
pamela.vigo@gmail.com,10,10,10,10,10,45
matthew.juhi@gmail.com,7,10,8,10,10,45
abraham.clairece@gmail.com,10,10,10,10,10,45
edwin.dakai@gmail.com,10,10,10,10,10,45
paul.derrin@hawk.iit.edu,10,10,10,10,10,45
judith.baelie@yahoo.com,10,10,10,10,6,45
hubert.kezlyn@yandex.ru,7,10,10,5,--------,32
tiare.capree@gatech.edu,10,8,9.5,10,10,45
peter.kadenn@gmail.com,10,10,10,10,6,45
steven.marleyrae@gmail.com,10,10,10,10,10,45
julia.tyrene@gatech.edu,7,10,9,5,1,32
elizabeth.shaiden@pwc.com,10,10,10,10,10,45
leta.kartier@gmail.com,10,10,6,10,10,45
geraldine.kingsolomon@gatech.edu,10,10,10,5,10,45
dejon.lyrae@gmail.com,10,10,10,10,6,45
sanquita.yhadira@gmail.com,10,10,10,10,10,45
sherry.ayleigh@aol.com,10,10,10,10,10,45
susan.arville@gatech.edu,10,10,10,5,10,45
david.duella@gmail.com,5,10,10,10,10,45
jerry.zierre@gmail.com,10,10,10,10,10,45
perla.karynn@gatech.edu,10,10,10,5,10,45
nichole.bertrice@gmail.com,10,10,10,5,10,45
anthony.rabi@hotmail.com,10,10,10,5,10,45
abigail.alizah@umich.edu,10,10,10,5,10,45
christian.kaiyon@gatech.edu,2,--------,--------,--------,--------,2
tiffany.rexlee@gmail.com,10,10,8,10,10,45
charles.jorelys@gmail.com,10,10,10,10,10,45
matthew.monise@hotmail.com,10,10,10,10,5,45
lowell.tylek@gatech.edu,10,10,10,10,6,45
stephen.lakeema@gatech.edu,10,10,10,10,10,45
jenae.torrence@gatech.edu,10,10,9,10,1,40
lukas.marcquise@gmail.com,7,10,10,5,10,42
claud.etheldreda@gmail.com,10,10,10,10,10,45
jacob.talecia@gmail.com,10,10,10,5,10,45
lillian.pragna@gatech.edu,7,10,10,10,7,44
bobby.dezya@gmail.com,10,10,9,7,10,45
conrad.rhonisha@vt.edu,10,10,10,10,10,45
lynn.adarryll@gmail.com,10,10,10,5,10,45
harry.dafni@icloud.com,10,10,10,5,10,45
paul.jawaski@gmail.com,10,10,10,10,5,45
amanda.nikya@gmail.com,10,10,10,10,10,45
shree.elica@gatech.edu,7,10,9.5,5,10,41.5
dominic.lexanni@gmail.com,10,10,10,5,10,45
danielle.kulsoom@gmail.com,10,10,10,10,10,45
florence.jenessa@gmail.com,10,10,10,5,10,45
melissa.sherral@gmail.com,10,10,10,5,10,45
jessica.rinda@gatech.edu,10,10,10,10,5,45
beckett.sameia@gatech.edu,10,10,10,5,10,45
lindsey.kinard@hotmail.com,10,10,10,10,10,45
olga.shane@gatech.edu,10,10,10,10,10,45
xavier.lavesta@gmail.com,7,10,8,7,10,42
karina.tomea@ucr.edu,10,10,6,10,10,45
tina.starsky@outlook.com,10,10,10,10,10,45
ara.dagny@outlook.com,10,10,10,5,10,45
myron.caidin@gatech.edu,10,10,10,10,8,45
lauren.tonnisha@gmail.com,4,10,6,10,6,36
lillie.clover@gatech.edu,10,10,10,5,10,45
matthew.amidala@gmail.com,10,10,10,5,10,45
mitchell.owin@gmail.com,10,10,9,5,10,44
barbara.khendra@gatech.edu,10,10,10,5,8,43
holly.chintan@msn.com,2,10,9,10,10,41
mary.pasquinel@gmail.com,10,10,--------,--------,0,20
joyce.adeel@gmail.com,10,10,10,10,10,45
susan.tedrina@gatech.edu,10,10,10,5,10,45
jarrod.onas@gatech.edu,10,10,10,5,10,45
lamar.rinya@yahoo.com,10,10,10,10,10,45
mae.jarae@aol.com,10,7,7,5,--------,29
luke.joselen@gatech.edu,10,10,10,5,10,45
kayla.pamalee@protonmail.com,7,10,9,5,--------,31
sarah.chee@ieee.org,10,10,10,10,10,45
rafael.kaston@gatech.edu,7,10,9,10,10,45
lily.hilry@gatech.edu,10,10,10,5,8,43
edgar.shifra@googlemail.com,10,10,10,5,10,45
james.sephiroth@gmail.com,10,10,10,10,6,45
delores.idele@gmail.com,10,10,10,10,10,45
philip.yoshinobu@gmail.com,10,10,10,10,10,45
charles.nando@gmail.com,10,10,10,10,10,45
olivia.geral@yahoo.com,10,10,10,10,7,45
joseph.sherburne@gmail.com,10,10,9,10,7,45
robert.larico@yahoo.com,10,10,10,5,10,45
amanda.hessa@gatech.edu,10,10,10,10,10,45
alexandra.lacee@madlan.co.il,10,10,10,10,10,45
mark.trayvond@gatech.edu,10,10,10,10,10,45
henry.wyomia@gmail.com,10,10,10,10,10,45
david.harun@gmail.com,10,10,5,10,10,45
karen.tanji@gatech.edu,10,10,9,10,7,45
zuri.eilleen@gatech.edu,10,10,10,5,10,45
elizabeth.eryc@gmail.com,10,10,10,5,10,45
alonso.tamarcus@gmail.com,10,10,10,5,10,45
robert.tolisha@gatech.edu,10,10,10,5,10,45
sue.ikira@gmail.com,10,8,10,5,5,38
luis.jonn@gmail.com,10,10,3,10,10,43
william.piers@gmail.com,7,10,9,5,10,41
frank.ethelmae@yahoo.com,10,10,10,10,6,45
aaron.kyerra@foxmail.com,7,10,10,10,10,45
nancy.lebrandon@gmail.com,10,10,10,5,10,45
christian.miyisha@yahoo.com,10,10,10,10,--------,40
margaret.tim@protonmail.com,10,10,10,10,10,45
ruth.laverl@yahoo.com,10,10,8,5,10,43
stephen.nycholas@gmail.com,10,10,8,10,--------,38
lucy.anouk@gmail.com,7,10,10,10,10,45
david.brandia@gmail.com,10,10,10,10,10,45
jason.jadian@gmail.com,7,10,10,5,7,39
ethel.gordon@uoregon.edu,10,10,10,10,10,45
brandon.jerrill@gatech.edu,10,10,10,10,10,45
susan.analissa@enactdevelopment.com,10,10,10,5,10,45
angel.eddison@gmail.com,10,10,10,10,10,45
michael.kavayah@gatech.edu,10,10,10,10,10,45
delaney.dshon@gmail.com,10,10,10,5,10,45
patricia.vernell@gmail.com,10,10,10,10,6,45
dashay.lanier@gmail.com,10,10,10,5,10,45
bonnie.dreylan@gatech.edu,10,10,10,10,10,45
brian.tylicia@gmail.com,10,10,10,10,10,45
kayla.bhavna@gatech.edu,2,10,9,10,1,32
mary.daje@gmail.com,10,10,10,5,10,45
carolyn.cherin@gmail.com,7,10,10,10,10,45
anthoney.titania@gmail.com,10,--------,--------,--------,4,14
gary.adamina@mail.ccsf.edu,10,10,9,5,10,44
michelle.lawana@gmail.com,10,10,10,5,10,45
ruth.ayaa@gmail.com,10,10,10,10,10,45
latonya.ervena@gmail.com,10,10,8,5,10,43
omar.cheyton@gatech.edu,10,10,10,5,10,45
lorita.theral@gatech.edu,7,9,7,5,2,30
lola.fysher@gmail.com,10,10,10,10,10,45
bailey.mckeyla@gatech.edu,10,10,10,10,10,45
kaitlyn.asharie@gatech.edu,10,10,10,10,7,45
mark.lakara@yahoo.com,10,10,10,5,10,45
mary.wesner@gatech.edu,7,8,10,10,10,45
minnie.akaia@gmail.com,7,10,5.5,--------,10,32.5
patricia.ariha@gatech.edu,10,10,10,5,10,45
bonita.keneasha@gatech.edu,10,10,10,10,10,45
rashad.datra@gmail.com,10,10,10,10,10,45
bennett.shelbert@gmail.com,10,10,10,10,10,45
laura.tyzier@hungperfect.com,10,10,10,5,10,45
charles.pavni@gmail.com,10,10,10,5,10,45
paul.laconya@gmail.com,10,10,10,5,10,45
kinley.milaysia@gmail.com,10,10,10,10,10,45
henrietta.sorayda@gmail.com,7,7,10,10,10,44
devon.jayion@gmail.com,10,10,10,10,10,45
ashley.zadiel@gmail.com,10,10,10,10,10,45
matthew.jacon@yahoo.com,10,10,10,10,7,45
margarita.zoli@gmail.com,10,10,10,5,10,45
john.armando@pentafoundation.org,10,10,10,10,10,45
audra.kayleh@gmail.com,10,10,10,10,10,45
sampson.seine@gatech.edu,10,10,10,10,10,45
mary.yahshua@gatech.edu,7,2,6.5,5,--------,20.5
katelyn.sala@hotmail.com,7,2,6.5,5,--------,20.5
john.briyelle@gatech.edu,10,10,9,10,10,45
stephen.clarance@gmail.com,10,10,10,5,10,45
robert.aveah@web.de,10,10,8,10,10,45
archer.arjay@gmail.com,10,10,10,5,10,45
barbara.khysen@gmail.com,10,10,10,10,10,45
crystal.chakayla@gmail.com,10,10,10,10,10,45
rebecca.latrea@gmail.com,10,10,8,10,10,45
gabrielle.javierjr@hotmail.com,10,10,10,10,7,45
nika.daija@gmail.com,10,10,9,10,6,45
kathleen.lonn@outlook.com,10,10,10,10,10,45
lisa.demerion@gmail.com,10,10,9,10,1,40
harold.phillip@gatech.edu,10,10,10,--------,--------,30
thomas.marlize@gmail.com,10,10,10,10,10,45
eric.xiah@icloud.com,7,5,5,5,1,23
savanna.montral@gatech.edu,7,10,10,10,10,45
samuel.anoria@gmail.com,10,10,10,10,10,45
shakyla.freta@gmail.com,10,10,10,10,10,45
cadence.monsserat@gmail.com,10,10,10,5,10,45
valerie.jamial@gmail.com,10,10,10,10,10,45
samantha.dreami@gmail.com,10,5,10,10,10,45
jenna.shaunah@gmail.com,10,10,10,10,10,45
hetty.jenyka@gmail.com,10,10,10,10,10,45
chris.jonithan@gmail.com,10,10,10,5,10,45
paul.kaylana@gatech.edu,10,10,10,10,10,45
christopher.josericardo@gmail.com,10,10,10,5,10,45
jordan.reyanne@gmail.com,10,10,10,5,10,45
sheila.vananh@gmail.com,7,10,9,5,10,41
william.keida@gmail.com,5,--------,--------,10,4,19
annie.jaethan@mail.ru,5,10,10,10,10,45
debra.shaheer@gmail.com,10,10,10,10,10,45
juancarlos.carrye@gatech.edu,10,10,10,10,6,45
jeffery.martrail@gatech.edu,10,10,10,10,10,45
ellie.jodean@gmail.com,10,10,10,10,10,45
inez.michol@gatech.edu,10,8,5.5,0,10,33.5
alonzo.tyrell@gmail.com,10,10,10,10,6,45
joseph.shariden@gmail.com,10,10,10,5,10,45
robert.sebern@gmail.com,7,10,10,10,10,45
patricia.flodie@gatech.edu,10,10,10,10,10,45
sean.maizley@gmail.com,10,7,8,10,10,45
elliott.ehlana@gmail.com,10,10,10,10,10,45
abigail.lanty@gatech.edu,10,10,9,10,6,45
luke.lexe@gatech.edu,10,10,10,10,10,45
anita.sinclaire@yahoo.com,10,10,10,10,10,45
scarlett.abyssinia@gatech.edu,10,10,10,10,6,45
julene.yovanni@unal.edu.co,10,10,10,10,10,45
stephanie.lylarae@gatech.edu,10,10,10,10,10,45
eric.sridevi@hotmail.com,10,10,10,5,10,45
harry.shiane@e.ntu.edu.sg,10,10,10,5,10,45
sharon.daionna@gatech.edu,10,10,10,10,10,45
david.zackaree@gmail.com,5,10,10,10,10,45
milagros.victorialynn@gmail.com,10,10,10,10,10,45
jacob.ozkar@gmail.com,10,10,10,5,10,45
fernando.djaun@iiitdm.ac.in,10,10,10,10,10,45
william.artricia@vcu.edu,10,10,10,5,10,45
cecelia.iraa@queensu.ca,10,10,10,10,7,45
david.zarak@gmail.com,10,10,10,10,10,45
marie.mehrish@gmail.com,10,10,10,10,6,45
jacolyn.deborahh@live.de,10,10,10,10,10,45
molly.makensey@gmail.com,5,10,10,5,10,40
charles.tocha@gmail.com,10,8,8,10,6,42
tom.wallice@gmail.com,10,10,10,5,10,45
stanley.denaly@gmail.com,7,10,10,10,10,45
mason.haskell@gatech.edu,10,5,0,7,1,23
charles.purdy@hotmail.com,10,10,10,5,10,45
andres.lynlie@gmail.com,7,--------,--------,--------,--------,7
gracie.keshav@gmail.com,10,10,10,10,10,45
shannon.khalanii@gatech.edu,10,10,10,10,10,45
jasmin.marjona@gmail.com,10,10,10,10,4,44
demetrie.randin@gmail.com,10,10,10,5,10,45
john.mckoy@nu.edu.kz,10,10,10,10,10,45
deandre.jazzabella@gmail.com,7,10,10,5,1,33
ben.zaida@gatech.edu,10,10,10,5,10,45
laura.kandyce@gatech.edu,2,2,--------,--------,--------,4
terry.shantrece@gmail.com,10,10,10,5,10,45
marco.avry@gmail.com,10,10,10,10,10,45
mollie.gaines@gmail.com,10,10,10,5,10,45
ora.ahnjayla@gatech.edu,10,10,10,10,10,45
donald.hendrick@gmail.com,10,8,10,10,7,45
elijah.tyteona@gmail.com,0,2,--------,--------,--------,2
patt.dolora@gmail.com,10,10,10,10,10,45
kristina.lichelle@hotmail.com,7,10,10,5,1,33
john.sujit@gmail.com,10,10,10,10,10,45
galen.marilia@gmail.com,10,9,10,10,10,45
rita.sidny@gmail.com,10,10,10,10,10,45
martha.teadra@gmail.com,--------,0,--------,--------,0,0
daniel.cuauhtli@gmail.com,10,10,10,5,10,45
patricia.breely@gmail.com,10,10,10,5,10,45
dana.madisonrose@yahoo.fr,10,10,10,10,6,45
clarence.wyhatt@gatech.edu,10,10,10,10,10,45
sharon.vandana@gmail.com,10,10,6,10,10,45
mae.renzie@aol.com,7,10,8,5,10,40
analysa.taisiya@gmail.com,10,10,10,10,10,45
courtney.daymeon@alum.lehigh.edu,7,10,9,5,1,32
thomas.lucillia@asu.edu,10,10,10,10,10,45
jason.lovett@outlook.com,10,10,10,10,10,45
michael.meleyah@gmail.com,10,10,10,10,10,45
gabriella.keylee@gmail.com,7,10,--------,--------,3,20
monica.ahron@gmail.com,10,10,10,10,10,45
gael.iduma@hotmail.com,10,10,8,5,6,39
lester.sabrynn@gatech.edu,10,10,10,10,1,41
james.miina@gmail.com,10,10,10,5,10,45
faye.daly@yahoo.com,10,10,10,5,10,45
frankie.mihit@gatech.edu,7,2,--------,--------,--------,9
connie.westlan@hotmail.com,10,5,6,10,1,32
pauline.trechelle@gmail.com,10,10,7,10,10,45
ashley.ahmia@gatech.edu,10,10,10,5,10,45
david.luchia@gmail.com,10,10,10,10,10,45
joy.jaceion@gmail.com,10,10,10,5,10,45
david.naheem@protonmail.com,10,10,10,5,6,41
james.amiee@gmail.com,10,10,10,10,6,45
vickie.tkiyah@gatech.edu,7,2,--------,--------,--------,9
gloria.zaed@gmail.com,10,10,10,10,10,45
michael.vanelope@t-mobile.com,10,10,10,5,10,45
robert.eila@edna.tech,10,10,10,10,6,45
norine.hiliary@gmail.com,0,10,7,10,9,36
allie.jatziry@gmail.com,2,10,10,5,1,28
lajuan.schmika@gmail.com,10,10,10,10,10,45
leonard.fidensio@valensdatalabs.com,7,10,8,10,10,45
nina.alvin@gmail.com,10,10,10,10,10,45
alana.dasianae@me.com,10,10,10,10,10,45
nancy.saba@yahoo.com,10,10,10,2,1,33
john.kyelee@gatech.edu,7,10,10,5,10,42
ethan.lakeyia@gatech.edu,10,10,8,10,7,45
jason.saveria@gmail.com,10,10,10,10,10,45
carlyn.teffany@gmail.com,10,10,10,10,10,45
braylon.tecia@livemail.tw,7,8,6,5,--------,26
denise.rickayla@gmail.com,10,10,10,10,10,45
cecelia.umit@gatech.edu,10,8,10,5,10,43
louise.aaravi@hotmail.com,10,10,10,10,10,45
jillian.myler@gmail.com,10,10,10,10,1,41
alexandra.kogan@gmail.com,10,10,10,10,1,41
derrick.sacario@gatech.edu,10,10,10,10,10,45
henry.renasia@gatech.edu,10,10,10,10,10,45
winston.wymon@gmail.com,10,10,7,10,10,45
mary.damarte@gmail.com,10,10,10,10,10,45
patrick.zyrion@gmail.com,10,10,10,5,10,45
justin.zende@yahoo.com,10,10,10,10,10,45
meredith.rakyla@hotmail.com,10,10,10,5,10,45
catherine.kristey@gmail.com,10,10,10,5,10,45
kyler.kimya@gmail.com,10,10,6,10,10,45
samiel.yustin@gatech.edu,10,10,10,10,10,45
gerardo.allesha@gmail.com,10,10,10,10,10,45
mark.allysia@gmail.com,10,10,10,5,4,39
kiesha.millard@gmail.com,7,10,10,5,--------,32
amanda.dvyne@gatech.edu,10,10,10,10,10,45
micheal.glenola@gatech.edu,10,10,10,10,6,45
landen.micaela@gmail.com,2,10,--------,10,1,23
bryan.carmindy@umn.edu,10,10,9,5,10,44
johnny.anass@gmail.com,10,10,10,5,10,45
edgar.paishance@umn.edu,7,10,10,--------,--------,27
patricia.richardjames@gmail.com,10,10,10,10,10,45
randall.bedelia@gmail.com,10,10,10,10,10,45
jessica.sakya@gatech.edu,10,10,10,5,10,45
maude.joxiel@gmail.com,10,10,9,5,1,35
jackie.barrion@live.de,10,10,10,5,10,45
marianne.terianna@gmail.com,10,10,10,5,10,45
matthew.taw@gmail.com,10,10,6,10,10,45
sherree.jamesena@hotmail.com,7,10,9,5,8,39
jayson.kineta@gatech.edu,10,10,10,10,10,45
chelsea.dilann@gatech.edu,10,10,10,5,5,40
gary.ashyia@mail.ru,10,10,10,10,6,45
ruth.giovanny@hotmail.co.uk,10,10,10,10,10,45
jose.lakeeshia@rocketmail.com,10,10,10,10,10,45
noah.jamea@gmail.com,10,10,10,5,10,45
ashir.clintin@gatech.edu,10,10,10,10,7,45
meghan.karlotta@gatech.edu,10,10,10,10,10,45
dorothy.leycester@gmail.com,10,10,10,5,10,45
jordan.trenetta@gmail.com,2,2,--------,5,--------,9
joseph.neethu@gmail.com,10,10,10,5,10,45
rosemary.kevondrick@gmail.com,10,10,10,5,10,45
christopher.jullianne@gatech.edu,7,2,8,5,10,32
jennifer.menashe@iiitdm.ac.in,2,10,10,10,1,33
alexander.rollan@gatech.edu,10,10,10,5,10,45
oliver.caila@gatech.edu,10,10,10,10,10,45
kayli.christyn@gmail.com,10,10,8,0,0,28
linda.jamise@gatech.edu,10,10,10,10,10,45
eli.sascha@yahoo.com,4,7,6,10,10,37
barrett.wayland@gmail.com,10,10,10,10,10,45
scott.tyreka@gatech.edu,10,10,10,10,8,45
mary.kavaris@gmail.com,10,10,9,10,6,45
jesus.monserrath@gmail.com,10,10,10,10,7,45
sharilyn.elvana@gmail.com,10,10,10,10,6,45
arthur.donnaven@rabobank.nl,10,10,10,10,10,45
taryn.raneshia@yahoo.co.id,7,10,6.5,5,10,38.5
betsy.edwynn@mac.com,7,10,10,10,10,45
harper.lemorris@gmail.com,10,10,9,10,6,45
sarah.sheylin@gmail.com,10,10,10,10,10,45
albert.averley@gmail.com,10,2,8,10,10,40
lisa.hovik@gmail.com,10,10,10,10,4,44
amaya.krew@gmail.com,10,10,10,5,10,45
fernando.jenzel@gmail.com,10,10,10,5,10,45
george.eliyan@gmail.com,10,10,10,5,10,45
patricia.zuber@gmail.com,10,10,8,10,10,45
alex.mesias@gmail.com,10,10,9,10,6,45
eros.nishaan@gatech.edu,7,0,--------,--------,--------,7
daniel.niemah@gmail.com,10,10,10,5,10,45
richard.marshaye@gmail.com,10,10,10,10,10,45
george.roa@hotmail.com,7,10,10,10,10,45
nikolaj.correne@att.net,10,10,10,10,10,45
linda.shavonya@gmail.com,7,--------,--------,--------,--------,7
cheryl.jaimir@hotmail.com,10,10,10,5,10,45
melanie.richana@gmail.com,10,10,10,5,10,45
laila.marae@gatech.edu,10,10,10,5,10,45
connor.amilliona@gatech.edu,7,10,10,10,10,45
tory.shritha@gmail.com,10,10,10,5,10,45
edwin.felesha@gmail.com,10,10,2,5,10,37
craig.doraine@gmail.com,10,10,10,5,10,45
deborah.quinneshia@gmail.com,10,10,10,10,10,45
thomas.dyanni@gmail.com,10,10,9,10,5,44
kristopher.erandi@gmail.com,10,10,6,5,--------,31
natalie.wandell@gmail.com,10,10,--------,--------,--------,20
wm.charrisse@gatech.edu,10,10,10,10,10,45
diane.mareo@gmail.com,7,5,8,10,6,36
michael.karryn@gmail.com,7,7,8,--------,1,23
eugene.glema@hotmail.com,7,10,10,10,10,45
evan.kuhao@gatech.edu,7,--------,6.5,5,10,28.5
jarvis.avitaz@gmail.com,10,10,10,5,10,45
david.viletta@gmail.com,10,10,6,10,10,45
randy.adeliz@northsouth.edu,10,10,10,10,10,45
robert.burnest@gmail.com,10,5,10,10,10,45
chanel.hooria@hotmail.com,10,10,10,10,10,45
paxton.maragret@gmail.com,10,10,10,10,10,45
llewellyn.tsurue@gmail.com,10,10,10,5,10,45
christopher.sharad@hotmail.com,7,10,10,--------,--------,27
alaric.dejuna@gmail.com,10,10,10,5,10,45
christine.rostam@gmail.com,10,10,6.5,10,10,45
ryne.marialy@gmail.com,10,10,10,10,10,45
nathan.lawyer@gmail.com,10,8,6,10,--------,34
willard.tammela@hotmail.com,7,10,10,10,10,45
ryann.satsuko@gmail.com,10,10,10,10,10,45
anthony.fashionette@yahoo.com,10,10,10,10,10,45
norvell.ahmyr@gatech.edu,10,10,10,5,10,45
barbara.carma@outlook.com,10,10,10,10,6,45
john.jogina@gmail.com,10,10,10,5,10,45
mary.lunalee@gmail.com,10,10,10,10,10,45
africa.zevion@gmail.com,7,--------,10,10,--------,27
seneca.nasaria@gmail.com,10,10,10,5,10,45
nora.joshuajames@gatech.edu,10,10,10,5,10,45
melanie.devantre@gmail.com,10,10,9,10,10,45
fredrick.aleata@gatech.edu,10,10,10,5,10,45
lori.soren@gmail.com,10,10,10,10,10,45
michael.latrish@selu.edu,10,10,10,10,10,45
russell.dick@gmail.com,2,0,0,0,0,2
jeri.robynn@gmail.com,10,10,10,5,10,45
jon.durke@gmail.com,10,10,10,10,10,45
michael.pansy@gmail.com,7,10,10,10,10,45
damian.imarion@gmail.com,10,10,10,10,10,45
valerie.ar@gmail.com,10,10,10,5,10,45
tyler.raeyna@gmail.com,10,10,10,10,10,45
pamela.kindy@gatech.edu,10,10,10,5,10,45
krista.jericka@gmail.com,8,8,9,5,10,40
matthew.kayli@gatech.edu,10,10,10,10,6,45
carolyn.lamontez@gmail.com,10,10,10,10,10,45
laura.madelena@gatech.edu,10,10,10,10,10,45
bernard.hammie@gatech.edu,10,10,10,5,10,45
louann.jarique@gmail.com,10,10,10,10,10,45
calvin.taskin@gmail.com,10,10,10,5,10,45
steven.macray@gmail.com,10,10,10,5,10,45
todd.laylynn@ucdavis.edu,10,2,--------,--------,--------,12
michael.volvi@gatech.edu,10,10,10,10,10,45
karin.abbey@gmail.com,7,10,10,10,10,45
christian.anum@gmail.com,10,10,10,10,10,45
ronald.ezell@gatech.edu,10,10,9,--------,--------,29
mabel.jenaiah@outlook.com,10,10,10,5,10,45
irene.terece@gmail.com,10,10,10,5,10,45
margie.kiesha@gatech.edu,10,10,10,10,1,41
kaushal.nizhoni@hotmail.com,10,10,10,10,1,41
francisco.anyeline@gatech.edu,10,10,10,10,1,41
lynlee.khalayah@hotmail.com,10,10,10,5,2,37
maryanne.kayge@gmail.com,10,10,10,5,10,45
john.ruther@gmail.com,10,10,10,5,10,45
jessika.cuauhtli@gmail.com,10,10,10,10,6,45
heather.courtnay@gmail.com,10,10,10,10,10,45
jaime.maasai@gmail.com,10,10,9,10,1,40
raina.sheehan@gmail.com,10,10,10,5,10,45
dylan.aziria@gmail.com,10,10,10,10,10,45
jazlyn.florin@gmail.com,4,--------,--------,5,1,10
jeffrey.sylys@gatech.edu,2,--------,--------,--------,--------,2
robin.kathren@gmail.com,10,10,10,10,10,45
arthur.skii@gatech.edu,10,10,10,5,10,45
kelly.barrick@gmail.com,10,10,10,5,10,45
melissa.sherriann@gmail.com,2,5,7,10,7,31
nicholas.tajveer@virginia.edu,7,10,10,5,10,42
drew.artice@gmail.com,10,10,10,5,10,45
kathleen.clesha@gmail.com,10,10,10,10,10,45
elizabeth.karsin@gmail.com,2,--------,--------,--------,--------,2
sophie.merika@gmail.com,10,10,10,10,10,45
jewell.av@qq.com,7,10,10,5,10,42
nancy.roslin@gmail.com,10,10,10,10,10,45
michael.afeni@gatech.edu,10,10,10,10,6,45
brian.moni@gmail.com,10,10,--------,5,--------,25
michael.alaynia@gatech.edu,10,10,10,10,10,45
dennis.nolin@gmail.com,4,2,0,--------,1,7
morgan.kineshia@gmail.com,10,10,8,10,10,45
darlene.eudon@gmail.com,10,10,10,10,10,45
katherine.gicel@gmail.com,10,10,10,5,10,45
carl.shavannah@gatech.edu,7,7,10,10,10,44
debra.nirah@gmail.com,--------,7,--------,--------,--------,7
jade.tliyah@gmail.com,10,10,10,2,7,39
levi.kadan@gmail.com,10,10,9,5,--------,34
mary.issys@gatech.edu,10,10,10,10,10,45
brittany.aleta@yahoo.com,10,10,10,10,6,45
cecelia.lasondra@gmail.com,7,10,8,10,10,45
victoria.shanegua@hotmail.com,10,10,10,10,10,45
john.sebria@online.de,10,10,9,10,10,45
jennifer.rodericus@gmail.com,7,10,10,5,2,34
eric.suhaila@gmail.com,10,5,--------,5,--------,20
jenifer.juwuan@gmail.com,10,10,10,5,10,45
barbara.shaniki@gmail.com,10,10,10,10,2,42
stacia.shyloe@gmail.com,10,10,10,10,0,40
eddie.suvam@gmail.com,10,10,10,3,--------,33
phoebe.cambi@gmail.com,7,10,7,10,7,41
nancy.quaniya@hotmail.com,10,4,7,2,10,33
angelo.shakwan@gatech.edu,10,10,10,10,10,45
brooke.jimmia@gmail.com,5,--------,--------,2,--------,7
olivia.prit@yahoo.com,10,10,10,5,10,45
jennifer.marleth@gmail.com,4,10,5.5,--------,--------,19.5
john.bergin@gatech.edu,10,2,7,10,10,39
francis.hazlie@gmail.com,10,10,10,5,10,45
alexis.shondrea@gatech.edu,10,8,7,5,2,32
robert.berita@gatech.edu,10,10,10,10,10,45
angela.lynisha@gatech.edu,10,10,10,10,10,45
donald.tycere@smumn.edu,--------,--------,--------,5,6,11
bryan.vancy@gmail.com,7,10,10,10,10,45
john.searcy@gmail.com,2,--------,--------,--------,--------,2
jesse.aritzi@gmail.com,10,5,--------,5,--------,20
nicki.jovianne@gatech.edu,10,10,7,5,9,41
delores.christipher@gmail.com,10,10,10,10,10,45
elizabeth.veton@gmail.com,10,10,10,10,10,45
antonia.ellymae@gatech.edu,10,10,10,10,6,45
brianna.jenysis@gatech.edu,10,10,10,10,10,45
martha.chineme@gmail.com,10,10,10,10,10,45
cathy.abdula@gmail.com,10,10,10,10,7,45
gabrielle.prinsha@gmail.com,10,10,10,10,10,45
chelsea.jaretzi@utexas.edu,10,10,10,10,7,45
stephanie.arial@hotmail.com,10,10,10,5,10,45
joseph.zakia@gmail.com,10,10,10,10,6,45
darnell.mundi@gatech.edu,7,10,10,5,10,42
marcus.rinda@gmail.com,10,10,10,5,10,45
luke.makela@gmail.com,7,8,6.5,5,--------,26.5
david.zamaiya@gatech.edu,10,10,10,--------,--------,30
claude.tarolyn@gmail.com,7,10,10,10,--------,37
danny.jameriah@gmail.com,7,--------,--------,--------,--------,7
heather.kasen@gmail.com,10,10,10,10,5,45
anna.waldron@gatech.edu,10,10,10,10,10,45
daniel.nathane@yahoo.com,10,10,10,5,10,45
elizabeth.eizabella@gatech.edu,10,10,10,5,10,45
kameron.aeris@gmail.com,--------,--------,--------,--------,--------,--------
lashanna.deyona@gmail.com,--------,--------,--------,--------,--------,--------
diana.marvelle@hotmail.com,--------,--------,--------,--------,--------,--------
eric.khasen@gmail.com,--------,--------,--------,--------,--------,--------
cynthia.curt@gmail.com,--------,--------,--------,--------,--------,--------
ivy.thiego@gmail.com,--------,--------,--------,--------,--------,--------
rocky.bayden@gmail.com,--------,--------,--------,--------,--------,--------
duane.lachan@gatech.edu,--------,--------,--------,--------,--------,--------
sylvie.gerek@gmail.com,--------,--------,--------,--------,--------,--------
carmine.aricely@bybaxter.com,--------,--------,--------,--------,--------,--------
alexander.destony@msn.com,--------,--------,--------,--------,--------,--------
daniel.alexondra@gmail.com,--------,--------,--------,--------,--------,--------
william.isse@yahoo.com,--------,--------,--------,--------,--------,--------
jennifer.leilana@gmail.com,--------,--------,--------,--------,--------,--------
stella.trejon@gmail.com,--------,--------,--------,--------,--------,--------
samuel.vaitea@yahoo.com,--------,--------,--------,--------,--------,--------
richard.delaris@gmail.com,--------,--------,--------,--------,--------,--------
joseph.isam@gmail.com,--------,--------,--------,--------,--------,--------
seth.rahlee@gatech.edu,--------,--------,--------,--------,--------,--------
theresa.leonisha@yahoo.com,--------,--------,--------,--------,--------,--------
melissa.se@gmail.com,--------,--------,--------,--------,--------,--------
constance.kylicia@gmail.com,--------,--------,--------,--------,--------,--------
christian.kealohilani@yahoo.com,--------,--------,--------,--------,--------,--------
robert.maksym@gmail.com,--------,--------,--------,--------,--------,--------
hunter.meghann@gatech.edu,--------,--------,--------,--------,--------,--------
stetson.martrell@gmail.com,--------,--------,--------,--------,--------,--------
william.samanntha@yahoo.co.uk,--------,--------,--------,--------,--------,--------
andrew.ramez@gmail.com,--------,--------,--------,--------,--------,--------
paula.breydi@gatech.edu,--------,--------,--------,--------,--------,--------
noah.mastani@gmail.com,--------,--------,--------,--------,--------,--------
annalyse.zenab@gmail.com,--------,--------,--------,--------,--------,--------
jeffrey.gidget@bybaxter.com,--------,--------,--------,--------,--------,--------
seth.milliona@gatech.edu,--------,--------,--------,--------,--------,--------
leila.naquille@gatech.edu,--------,--------,--------,--------,--------,--------
gary.onalee@gmail.com,--------,--------,--------,--------,--------,--------
rose.khaleed@hotmail.com,--------,--------,--------,--------,--------,--------
jessie.narma@abv.bg,--------,--------,--------,--------,--------,--------
jennifer.aminatou@gatech.edu,--------,--------,--------,--------,--------,--------
mimi.densie@gmail.com,--------,--------,--------,--------,--------,--------
hilary.ayara@gmail.com,--------,--------,--------,--------,--------,--------
alejandra.shanija@yahoo.com,--------,--------,--------,--------,--------,--------
melvin.jasminn@gmail.com,--------,--------,--------,--------,--------,--------
issa.donitta@gmail.com,--------,--------,--------,--------,--------,--------
isabella.bethanie@gatech.edu,--------,--------,--------,--------,--------,--------
jimmy.thyme@gmail.com,--------,--------,--------,--------,--------,--------
jared.charlesia@gmail.com,--------,--------,--------,--------,--------,--------
andrew.mose@gmail.com,--------,--------,--------,--------,--------,--------
hector.shuntana@gatech.edu,--------,--------,--------,--------,--------,--------
angelica.merlie@gmail.com,--------,--------,--------,--------,--------,--------
brent.jeidyn@miamioh.edu,--------,--------,--------,--------,--------,--------
matthew.nyquan@yahoo.com,--------,--------,--------,--------,--------,--------
lance.jocalyn@gmail.com,--------,--------,--------,--------,--------,--------
shaina.yoram@gmail.com,--------,--------,--------,--------,--------,--------
marion.charylene@gmail.com,--------,--------,--------,--------,--------,--------
stephanie.treyon@gatech.edu,--------,--------,--------,--------,--------,--------
brenda.kerlin@gmail.com,--------,--------,--------,--------,--------,--------
joseph.sahit@gatech.edu,--------,--------,--------,--------,--------,--------
joseph.ladeidre@hs-hannover.de,--------,--------,--------,--------,--------,--------
leeana.johnnyangel@gmail.com,--------,--------,--------,--------,--------,--------
isaac.kaivan@gmail.com,--------,--------,--------,--------,--------,--------
arthur.tiawanna@gmail.com,--------,--------,--------,--------,--------,--------
betty.emmilia@gmail.com,--------,--------,--------,--------,--------,--------
peggy.natilynn@gmail.com,--------,--------,--------,--------,--------,--------
cordelia.danetta@gatech.edu,--------,--------,--------,--------,--------,--------
luis.kristoff@gmail.com,--------,--------,--------,--------,--------,--------
michelle.leahgrace@gmail.com,--------,--------,--------,--------,--------,--------
ruben.keldyn@poupkine.ru,--------,--------,--------,--------,--------,--------
joseph.alexey@gmail.com,--------,--------,--------,--------,--------,--------
azariah.padme@protonmail.com,--------,--------,--------,--------,--------,--------
brecken.olin@gmail.com,--------,--------,--------,--------,--------,--------
edwin.hollis@gmail.com,--------,--------,--------,--------,--------,--------
nicolas.yasaira@gatech.edu,--------,--------,--------,--------,--------,--------
robert.issack@gmail.com,--------,--------,--------,--------,--------,--------
dianne.miguelangel@gmail.com,--------,--------,--------,--------,--------,--------
gordon.maille@gmail.com,--------,--------,--------,--------,--------,--------
makeda.xiomy@gmail.com,--------,--------,--------,--------,--------,--------
hailey.tybee@gmail.com,--------,--------,--------,--------,--------,--------
carlton.sylva@gmail.com,--------,--------,--------,--------,--------,--------
renetta.jealousy@gmail.com,--------,--------,--------,--------,--------,--------
john.annaleigha@gmail.com,--------,--------,--------,--------,--------,--------
aaron.shwana@gmail.com,--------,--------,--------,--------,--------,--------
laverne.yennefer@outlook.com,--------,--------,--------,--------,--------,--------
anna.carnell@outlook.com,--------,--------,--------,--------,--------,--------
shelly.kimanh@gatech.edu,--------,--------,--------,--------,--------,--------
annabelle.maxwill@gmail.com,--------,--------,--------,--------,--------,--------
mariah.denah@gmail.com,--------,--------,--------,--------,--------,--------
stanley.shakalia@gmail.com,--------,--------,--------,--------,--------,--------
harvey.in@gmail.com,--------,--------,--------,--------,--------,--------
joseph.jaekob@gmail.com,--------,--------,--------,--------,--------,--------
patricia.asaya@gmail.com,--------,--------,--------,--------,--------,--------
jason.mirnes@gatech.edu,--------,--------,--------,--------,--------,--------
dalany.benancio@live.com,--------,--------,--------,--------,--------,--------
emme.meko@gmail.com,--------,--------,--------,--------,--------,--------
tabetha.amilyah@gmail.com,--------,--------,--------,--------,--------,--------
cameron.katiejo@hotmail.com,--------,--------,--------,--------,--------,--------
jerry.sharad@gmail.com,--------,--------,--------,--------,--------,--------
joseph.shaw@naver.com,--------,--------,--------,--------,--------,--------
xander.kenly@gmail.com,--------,--------,--------,--------,--------,--------
bruce.korede@brunswickschool.org,--------,--------,--------,--------,--------,--------
mindy.colanda@gmail.com,--------,--------,--------,--------,--------,--------
guy.greathel@me.com,--------,--------,--------,--------,--------,--------
alejandro.grayli@dlr.de,--------,--------,--------,--------,--------,--------
ezra.sedrick@gmail.com,--------,--------,--------,--------,--------,--------
dominique.cortlin@outlook.com,--------,--------,--------,--------,--------,--------
christina.shawnae@gmail.com,--------,--------,--------,--------,--------,--------
joseph.dame@gatech.edu,--------,--------,--------,--------,--------,--------
sadie.coumba@gmail.com,--------,--------,--------,--------,--------,--------
peter.jaretzi@gmail.com,--------,--------,--------,--------,--------,--------
james.condie@gmail.com,--------,--------,--------,--------,--------,--------
william.taurean@gmail.com,--------,--------,--------,--------,--------,--------
fred.dejenae@gatech.edu,--------,--------,--------,--------,--------,--------
patsy.rion@gatech.edu,--------,--------,--------,--------,--------,--------
lawrence.roselind@gmail.com,--------,--------,--------,--------,--------,--------
tori.tamecca@gmail.com,--------,--------,--------,--------,--------,--------
katie.saifaldeen@gmail.com,--------,--------,--------,--------,--------,--------
farrah.elanda@gmail.com,--------,--------,--------,--------,--------,--------
chidiebube.andrelle@gmail.com,--------,--------,--------,--------,--------,--------
arthur.patirica@outlook.com,--------,--------,--------,--------,--------,--------
domenica.content@gmail.com,--------,--------,--------,--------,--------,--------
jeanne.jarhonda@gatech.edu,--------,--------,--------,--------,--------,--------
matthew.kayle@gatech.edu,--------,--------,--------,--------,--------,--------
evelyn.brin@sbcglobal.net,--------,--------,--------,--------,--------,--------
tiffany.zekial@yahoo.com,--------,--------,--------,--------,--------,--------
raymond.jontay@outlook.com,--------,--------,--------,--------,--------,--------
david.willburn@asu.edu,--------,--------,--------,--------,--------,--------
perry.chaniah@gmail.com,--------,--------,--------,--------,--------,--------
bryan.zanique@gmail.com,--------,--------,--------,--------,--------,--------
bienvenido.elke@gmail.com,--------,--------,--------,--------,--------,--------
jeffrey.sabiel@gatech.edu,--------,--------,--------,--------,--------,--------
tony.tillian@rocketmail.com,--------,--------,--------,--------,--------,--------
ashley.brayan@hotmail.co.uk,--------,--------,--------,--------,--------,--------
agnes.kobby@gmail.com,--------,--------,--------,--------,--------,--------
elliot.irah@protonmail.com,--------,--------,--------,--------,--------,--------
cassius.tyffani@gatech.edu,--------,--------,--------,--------,--------,--------
charles.tennison@mail.usf.edu,--------,--------,--------,--------,--------,--------
elizabeth.spontaneous@gmail.com,--------,--------,--------,--------,--------,--------
cayden.kandida@gatech.edu,--------,--------,--------,--------,--------,--------
kenneth.aniston@gatech.edu,--------,--------,--------,--------,--------,11
eugene.caily@gmail.com,--------,--------,--------,--------,--------,--------
jared.natashua@e.ntu.edu.sg,--------,--------,--------,--------,--------,--------
ruby.raye@aol.com,--------,--------,--------,--------,--------,--------
arnold.aviad@gmail.com,--------,--------,--------,--------,--------,--------
lawrence.melaina@ucdavis.edu,--------,--------,--------,--------,--------,--------
renee.aunika@gmail.com,--------,--------,--------,--------,--------,--------
jaime.kemmie@outlook.com,--------,--------,--------,--------,--------,--------
jane.nauman@gmail.com,--------,--------,--------,--------,--------,--------
james.sivana@gmail.com,--------,--------,--------,--------,--------,--------
dorothy.taneca@gmail.com,--------,--------,--------,--------,--------,--------
laura.carlet@gmail.com,--------,--------,--------,--------,--------,--------
daisy.espy@gatech.edu,--------,--------,--------,--------,--------,--------
elani.ivrie@t-online.de,--------,--------,--------,--------,--------,--------
jarrod.alicemarie@gmail.com,--------,--------,--------,--------,--------,--------
julia.kinberly@gmail.com,--------,--------,--------,--------,--------,--------
william.mariejeanne@gmail.com,--------,--------,--------,--------,--------,--------
elizabeth.elessa@yahoo.com,--------,--------,--------,--------,--------,--------
brianne.tabresha@gmail.com,--------,--------,--------,--------,--------,--------
dorothy.arianeli@aol.com,--------,--------,--------,--------,--------,--------
shayla.kitsia@gmail.com,--------,--------,--------,--------,--------,--------
dona.avannah@gmail.com,--------,--------,--------,--------,--------,--------
latrice.desarea@gmail.com,--------,--------,--------,--------,--------,--------
kenneth.tenna@gmail.com,--------,--------,--------,--------,--------,--------
adam.shrage@sapient.com,--------,--------,--------,--------,--------,--------
luz.ravleen@gatech.edu,--------,--------,--------,--------,--------,--------
kathleen.taeh@gmail.com,--------,--------,--------,--------,--------,--------
stephanie.yoltzin@gatech.edu,--------,--------,--------,--------,--------,--------
asaf.tyece@4ourth.net,--------,--------,--------,--------,--------,--------
caroline.elyssia@gmail.com,--------,--------,--------,--------,--------,--------
atreu.anthonia@gmail.com,--------,--------,--------,--------,--------,--------
logan.norvil@gmail.com,--------,--------,--------,--------,--------,--------
david.texie@outlook.com,--------,--------,--------,--------,--------,--------
kevin.korinthian@gatech.edu,--------,--------,--------,--------,--------,--------
barbara.toprak@gmail.com,--------,--------,--------,--------,--------,--------
noelle.curly@gmail.com,--------,--------,--------,--------,--------,--------
ronald.siani@gmail.com,--------,--------,--------,--------,--------,--------
lacy.shaye@gatech.edu,--------,--------,--------,--------,--------,--------
katherine.katherline@gmail.com,--------,--------,--------,--------,--------,--------
mary.icy@gmail.com,--------,--------,--------,--------,--------,--------
valerie.behr@gatech.edu,--------,--------,--------,--------,--------,--------
dustin.gean@gmail.com,--------,--------,--------,--------,--------,--------
ernestine.mckail@gmail.com,--------,--------,--------,--------,--------,--------
james.taquez@gmail.com,--------,--------,--------,--------,--------,--------
laura.kelli@gatech.edu,--------,--------,--------,--------,--------,--------
erma.dahntay@gatech.edu,--------,--------,--------,--------,--------,--------
casimir.joshie@gmail.com,--------,--------,--------,--------,--------,--------
harper.jisella@gmail.com,--------,--------,--------,--------,--------,--------
jehad.sequana@gmail.com,--------,--------,--------,--------,--------,--------
sarah.clowey@gmail.com,--------,--------,--------,--------,--------,--------
samantha.phoebe@outlook.com,--------,--------,--------,--------,--------,--------
david.demitrius@gmail.com,--------,--------,--------,--------,--------,--------
luke.miyanah@gmail.com,--------,--------,--------,--------,--------,--------
cynthia.sadat@gatech.edu,--------,--------,--------,--------,--------,--------
velma.vinell@gmail.com,--------,--------,--------,--------,--------,--------
tom.garfield@gatech.edu,--------,--------,--------,--------,--------,--------
matthew.wrenly@yandex.ru,--------,--------,--------,--------,--------,--------
john.zynaria@gmail.com,--------,--------,--------,--------,--------,--------
joseph.nayisha@yahoo.com,--------,--------,--------,--------,--------,--------
kyler.joaquim@gmail.com,--------,--------,--------,--------,--------,--------
matthew.atiyya@yahoo.com,--------,--------,--------,--------,--------,--------
justin.arcie@gmail.com,--------,--------,--------,--------,--------,--------
roberto.mariaha@gatech.edu,--------,--------,--------,--------,--------,--------
alexander.syon@gatech.edu,--------,--------,--------,--------,--------,--------
lamont.shelden@gatech.edu,--------,--------,--------,--------,--------,--------
ruby.rosana@gatech.edu,--------,--------,--------,--------,--------,--------
glenn.keonya@gatech.edu,--------,--------,--------,--------,--------,--------
valeria.matheos@msn.com,--------,--------,--------,--------,--------,--------
markayla.sude@gmail.com,--------,--------,--------,--------,--------,--------
deshawn.elsee@gmail.com,--------,--------,--------,--------,--------,--------
cole.dineen@gmail.com,--------,--------,--------,--------,--------,--------
robert.zahair@gmail.com,--------,--------,--------,--------,--------,--------
jennifer.hawk@gmail.com,--------,--------,--------,--------,--------,--------
jonathon.vibol@gmail.com,--------,--------,--------,--------,--------,--------
frank.kimila@gmail.com,--------,--------,--------,--------,--------,--------
todd.luvonne@gatech.edu,--------,--------,--------,--------,--------,--------
harold.kenver@gmail.com,--------,--------,--------,--------,--------,--------
tonya.corleigh@google.com,--------,--------,--------,--------,--------,--------
david.okley@gmail.com,--------,--------,--------,--------,--------,--------
logan.aidoneus@hotmail.com,--------,--------,--------,--------,--------,--------
robert.kimbre@gatech.edu,--------,--------,--------,--------,--------,--------
robert.ayman@gmail.com,--------,--------,--------,--------,--------,--------
baylee.fortunata@gmail.com,--------,--------,--------,--------,--------,--------
jamie.everlynn@gmail.com,--------,--------,--------,--------,--------,--------
lakesha.tyrece@gmail.com,--------,--------,--------,--------,--------,--------
sheila.javori@gmail.com,--------,--------,--------,--------,--------,--------
mattie.sreenika@gmail.com,--------,--------,--------,--------,--------,--------
jo.montrece@gmail.com,--------,--------,--------,--------,--------,--------
randall.favion@gmail.com,--------,--------,--------,--------,--------,--------
jennie.chayah@gmail.com,--------,--------,--------,--------,--------,--------
alyssa.reznor@gmail.com,--------,--------,--------,--------,--------,--------
johnny.angle@gmail.com,--------,--------,--------,--------,--------,--------
kelly.schneider@gmail.com,--------,--------,--------,--------,--------,--------
alexis.roene@gmail.com,--------,--------,--------,--------,--------,--------
katherine.jaiyer@gatech.edu,--------,--------,--------,--------,--------,--------
effie.davanta@gmail.com,--------,--------,--------,--------,--------,--------
albert.melbert@gatech.edu,--------,--------,--------,--------,--------,--------
henry.lleyton@gmail.com,--------,--------,--------,--------,--------,--------
landry.lemaj@gatech.edu,--------,--------,--------,--------,--------,--------
ruby.shandrica@ntu.edu.tw,--------,--------,--------,--------,--------,--------
william.tacuma@gmail.com,--------,--------,--------,--------,--------,--------
timothy.diahanna@gmail.com,--------,--------,--------,--------,--------,--------
frances.annessa@gatech.edu,--------,--------,--------,--------,--------,--------
melanie.thurley@mechstrip.com,--------,--------,--------,--------,--------,--------
clayton.jenkins@gmail.com,--------,--------,--------,--------,--------,--------
lisa.randll@gmail.com,--------,--------,--------,--------,--------,--------
delois.tequesta@gmail.com,--------,--------,--------,--------,--------,--------
walter.arie@gatech.edu,--------,--------,--------,--------,--------,--------
ronald.halit@gatech.edu,--------,--------,--------,--------,--------,--------
keri.kellianne@gmail.com,--------,--------,--------,--------,--------,--------
george.brekken@yahoo.com,--------,--------,--------,--------,--------,--------
christian.tarneshia@gmail.com,--------,--------,--------,--------,--------,--------
trey.kaileb@gatech.edu,--------,--------,--------,--------,--------,--------
margaret.baretta@gmail.com,--------,--------,--------,--------,--------,--------
richard.hanaya@ieee.org,--------,--------,--------,--------,--------,--------
isabelle.shawnequa@mail.usf.edu,--------,--------,--------,--------,--------,--------
phyllis.krisopher@gmail.com,--------,--------,--------,--------,--------,--------
margaret.moxon@gmail.com,--------,--------,--------,--------,--------,--------
thomas.ayla@gmail.com,--------,--------,--------,--------,--------,--------
robert.azealia@gatech.edu,--------,--------,--------,--------,--------,--------
brendan.nikkiya@gmail.com,--------,--------,--------,--------,--------,--------
cecelia.kaliko@gmail.com,--------,--------,--------,--------,--------,--------
lorene.troylynn@gmail.com,--------,--------,--------,--------,--------,--------
veronica.glynes@gmail.com,--------,--------,--------,--------,--------,--------
alexander.shrishti@gatech.edu,--------,--------,--------,--------,--------,--------
michael.shaneta@gmail.com,--------,--------,--------,--------,--------,--------
lavan.quintez@gmail.com,--------,--------,--------,--------,--------,--------
jeanne.shalya@gmail.com,--------,--------,--------,--------,--------,--------
diane.jendry@gmail.com,--------,--------,--------,--------,--------,--------
hazel.francies@gmail.com,--------,--------,--------,--------,--------,--------
michelle.izelle@gmail.com,--------,--------,--------,--------,--------,--------
adalberto.morayah@gatech.edu,--------,--------,--------,--------,--------,--------
leslie.natalyia@hotmail.com,--------,--------,--------,--------,--------,10
lisa.tharon@gmail.com,--------,--------,--------,--------,--------,--------
kayla.jaz@rabobank.nl,--------,--------,--------,--------,--------,--------
lester.shakoya@gmail.com,--------,--------,--------,--------,--------,--------
jaden.georgieanna@gatech.edu,--------,--------,--------,--------,--------,--------
gabriel.wyndie@gmail.com,--------,--------,--------,--------,--------,--------
michael.lenard@gatech.edu,--------,--------,--------,--------,--------,--------
jeri.ita@gmail.com,--------,--------,--------,--------,--------,--------
david.karcynn@utexas.edu,--------,--------,--------,--------,--------,--------
ernest.sharai@gmail.com,--------,--------,--------,--------,--------,--------
randall.tameem@gatech.edu,--------,--------,--------,--------,--------,--------
lester.aloysia@noahliot.com,--------,--------,--------,--------,--------,--------
james.jahmaal@yahoo.com,--------,--------,--------,--------,--------,--------
monica.marvela@gmail.com,--------,--------,--------,--------,--------,--------
elena.caitilin@gatech.edu,--------,--------,--------,--------,--------,--------
hudson.wilnelia@gmail.com,--------,--------,--------,--------,--------,--------
christopher.zaheen@gmail.com,--------,--------,--------,--------,--------,--------
christy.zsolt@gatech.edu,--------,--------,--------,--------,--------,--------
kristine.adea@gmail.com,--------,--------,--------,--------,--------,--------
mary.syiere@gatech.edu,--------,--------,--------,--------,--------,--------
matteo.eiker@gmail.com,--------,--------,--------,--------,--------,--------
thomas.celynn@gmail.com,--------,--------,--------,--------,--------,--------
sandra.laresha@gmail.com,--------,--------,--------,--------,--------,--------
gertrude.demitre@yahoo.com,--------,--------,--------,--------,--------,--------
glenn.aubreyella@gmail.com,--------,--------,--------,--------,--------,--------
arabella.brandelynn@gatech.edu,--------,--------,--------,--------,--------,--------
lance.elnatan@gmail.com,--------,--------,--------,--------,--------,--------
allie.mauna@gmail.com,--------,--------,--------,--------,--------,--------
alan.jacqelyn@gmail.com,--------,--------,--------,--------,--------,--------
veronica.calixtro@gmail.com,--------,--------,--------,--------,--------,--------
daniel.janyah@gmail.com,--------,--------,--------,--------,--------,--------
sophie.teremy@hotmail.com,--------,--------,--------,--------,--------,--------
arthur.laderrion@gmail.com,--------,--------,--------,--------,--------,--------
ella.avelie@gmail.com,--------,--------,--------,--------,--------,--------
kayla.rebella@gmail.com,--------,--------,--------,--------,--------,--------
jeffery.skilee@gatech.edu,--------,--------,--------,--------,--------,--------
willie.aileny@gmail.com,--------,--------,--------,--------,--------,--------
ruth.rahshon@gmail.com,--------,--------,--------,--------,--------,--------
harper.shalan@gmail.com,--------,--------,--------,--------,--------,--------
ronald.saviona@hotmail.com,--------,--------,--------,--------,--------,--------
joseph.godfred@pentafoundation.org,--------,--------,--------,--------,--------,--------
eric.jozilyn@gmail.com,--------,--------,--------,--------,--------,--------
christian.birtie@gatech.edu,--------,--------,--------,--------,--------,--------
david.lyndle@gmail.com,--------,--------,--------,--------,--------,--------
angel.natividad@gatech.edu,--------,--------,--------,--------,--------,--------
noel.ulah@gatech.edu,--------,--------,--------,--------,--------,--------
james.tassy@gmail.com,--------,--------,--------,--------,--------,--------
jocelyn.alexaundrea@gmail.com,--------,--------,--------,--------,--------,--------
james.tishya@umich.edu,--------,--------,--------,--------,--------,--------
pearl.issamar@gmail.com,--------,--------,--------,--------,--------,--------
judy.ayyub@gatech.edu,--------,--------,--------,--------,--------,--------
emmalee.jeneine@outlook.com,--------,--------,--------,--------,--------,--------
sylvia.caisha@gmail.com,--------,--------,--------,--------,--------,10
mary.emmilia@gatech.edu,--------,--------,--------,--------,--------,--------
lesley.alexs@gmail.com,--------,--------,--------,--------,--------,--------
david.tia@gmail.com,--------,--------,--------,--------,--------,--------
robert.kaeman@gmail.com,--------,--------,--------,--------,--------,--------
sherri.dempsie@gatech.edu,--------,--------,--------,--------,--------,--------
frank.quintina@gmail.com,--------,--------,--------,--------,--------,--------
thomas.adarion@gmail.com,--------,--------,--------,--------,--------,--------
colton.jeremiyah@gmail.com,--------,--------,--------,--------,--------,--------
malisa.kadar@gatech.edu,--------,--------,--------,--------,--------,--------
shanee.janellie@gmail.com,--------,--------,--------,--------,--------,--------
nellie.chayson@gatech.edu,--------,--------,--------,--------,--------,--------
allan.galene@live.com,--------,--------,--------,--------,--------,--------
justin.merlina@gatech.edu,--------,--------,--------,--------,--------,--------
robert.jerri@gmail.com,--------,--------,--------,--------,--------,--------
marcus.caitilin@gmail.com,--------,--------,--------,--------,--------,--------
jasmine.brandelynn@gmail.com,--------,--------,--------,--------,--------,--------
frank.lynh@gmail.com,--------,--------,--------,--------,--------,--------
maria.arthena@gmail.com,--------,--------,--------,--------,--------,--------
aaron.oca@gmail.com,--------,--------,--------,--------,--------,--------
michaela.jette@gmail.com,--------,--------,--------,--------,--------,--------
eleanor.lenoria@gmail.com,--------,--------,--------,--------,--------,--------
julian.demitric@gmail.com,--------,--------,--------,--------,--------,--------
damon.sunset@gmail.com,--------,--------,--------,--------,--------,--------
marquita.mileina@gmail.com,--------,--------,--------,--------,--------,--------
marcus.forris@gmail.com,--------,--------,--------,--------,--------,--------
john.shanekqua@gmail.com,--------,--------,--------,--------,--------,--------
max.raedynn@yahoo.com,--------,--------,--------,--------,--------,--------
nicole.alekos@gmail.com,--------,--------,--------,--------,--------,--------
mary.steohanie@gatech.edu,--------,--------,--------,--------,--------,--------
sheila.aryas@gatech.edu,--------,--------,--------,--------,--------,--------
skylar.samory@hawk.iit.edu,--------,--------,--------,--------,--------,--------
jerrell.brex@yahoo.com,--------,--------,--------,--------,--------,--------
caleb.jaycub@yahoo.com,--------,--------,--------,--------,--------,--------
babygirl.sherdina@gatech.edu,--------,--------,--------,--------,--------,--------
aileen.jarib@hotmail.com,--------,--------,--------,--------,--------,--------
maria.barin@gmail.com,--------,--------,--------,--------,--------,--------
grace.blakeney@hotmail.co.uk,--------,--------,--------,--------,--------,--------
kohen.aletra@gmail.com,--------,--------,--------,--------,--------,--------
kirsten.gabel@gmail.com,--------,--------,--------,--------,--------,--------
cynthia.corraine@gmail.com,--------,--------,--------,--------,--------,--------
lucy.thomass@gatech.edu,--------,--------,--------,--------,--------,--------
tami.lenah@yahoo.ca,--------,--------,--------,--------,--------,--------
audrey.kinser@gatech.edu,--------,--------,--------,--------,--------,--------
susan.adya@gatech.edu,--------,--------,--------,--------,--------,--------
janae.destyny@gatech.edu,--------,--------,--------,--------,--------,--------
mary.sethan@gmail.com,--------,--------,--------,--------,--------,--------
helen.lalani@gmail.com,--------,--------,--------,--------,--------,--------
jream.melodey@gatech.edu,--------,--------,--------,--------,--------,--------
alan.millisa@gmail.com,--------,--------,--------,--------,--------,--------
john.najiyyah@gatech.edu,--------,--------,--------,--------,--------,--------
harold.navina@gatech.edu,--------,--------,--------,--------,--------,--------
barbara.lutisha@gmail.com,--------,--------,--------,--------,--------,--------
melissa.jomaira@yahoo.com,--------,--------,--------,--------,--------,--------
peggyann.yonnie@gmail.com,--------,--------,--------,--------,--------,--------
tiffani.missy@gatech.edu,--------,--------,--------,--------,--------,--------
deidre.madelyne@gmail.com,--------,--------,--------,--------,--------,--------
charles.ravensimone@gatech.edu,--------,--------,--------,--------,--------,--------
robyn.erin@gatech.edu,--------,--------,--------,--------,--------,--------
ishmael.neriya@gmail.com,--------,--------,--------,--------,--------,--------
george.auja@gmail.com,--------,--------,--------,--------,--------,--------
amanda.karman@mail.ru,--------,--------,--------,--------,--------,--------
desmond.rhyla@hotmail.com,--------,--------,--------,--------,--------,--------
jessica.avyn@live.com,--------,--------,--------,--------,--------,--------
hazel.alreem@gmail.com,--------,--------,--------,--------,--------,--------
willie.sumeko@gmail.com,--------,--------,--------,--------,--------,--------
cassandra.diovanni@gatech.edu,--------,--------,--------,--------,--------,--------
liana.heller@gmail.com,--------,--------,--------,--------,--------,--------
evert.yangel@gmail.com,--------,--------,--------,--------,--------,--------
marlee.estephen@gatech.edu,--------,--------,--------,--------,--------,--------
victoria.shannone@gatech.edu,--------,--------,--------,--------,--------,--------
lester.henretta@gmail.com,--------,--------,--------,--------,--------,--------
gertrude.afiya@gmail.com,--------,--------,--------,--------,--------,--------
sharon.terique@gatech.edu,--------,--------,--------,--------,--------,--------
devin.zhian@gatech.edu,--------,--------,--------,--------,--------,--------
michelle.kiersti@gmail.com,--------,--------,--------,--------,--------,--------
dorothy.delmario@gmail.com,--------,--------,--------,--------,--------,--------
sarah.faylene@gmail.com,--------,--------,--------,--------,--------,--------
dale.jerlene@gatech.edu,--------,--------,--------,--------,--------,--------
steven.devany@cardinalsolutions.com,--------,--------,--------,--------,--------,--------
nadira.azer@gatech.edu,--------,--------,--------,--------,--------,--------
skylar.sherdina@gatech.edu,--------,--------,--------,--------,--------,--------
michael.lakea@gatech.edu,--------,--------,--------,--------,--------,--------
gregory.amya@gmail.com,--------,--------,--------,--------,--------,--------
cletus.norman@tutamail.com,--------,--------,--------,--------,--------,--------
adelaida.eslem@gmail.com,--------,--------,--------,--------,--------,--------
robert.cottrell@qq.com,--------,--------,--------,--------,--------,--------
christopher.teriya@hotmail.com,--------,--------,--------,--------,--------,--------
delisa.hufsa@umn.edu,--------,--------,--------,--------,--------,--------
ashley.georffrey@gatech.edu,--------,--------,--------,--------,--------,--------
perl.lawsen@yahoo.com,--------,--------,--------,--------,--------,--------
juliana.deyvin@gmail.com,--------,--------,--------,--------,--------,--------
joseph.adhan@gatech.edu,--------,--------,--------,--------,--------,--------
nancy.sharnisha@gmail.com,--------,--------,--------,--------,--------,--------
sergio.keshava@gmail.com,--------,--------,--------,--------,--------,--------
kristy.reema@yahoo.com,--------,--------,--------,--------,--------,--------
john.hadeer@gatech.edu,--------,--------,--------,--------,--------,--------
kathleen.vayolet@gmail.com,--------,--------,--------,--------,--------,--------
patrick.janiyla@gatech.edu,--------,--------,--------,--------,--------,--------
barbara.ximenna@gatech.edu,--------,--------,--------,--------,--------,--------
keith.ikhlas@sonic.net,--------,--------,--------,--------,--------,--------
ashley.varena@gatech.edu,--------,--------,--------,--------,--------,--------
riley.arcelia@gmail.com,--------,--------,--------,--------,--------,--------
gordon.dagen@gatech.edu,--------,--------,--------,--------,--------,--------
angela.miranda@gmail.com,--------,--------,--------,--------,--------,--------
fred.deltrick@gmail.com,--------,--------,--------,--------,--------,--------
collin.myoshi@gatech.edu,--------,--------,--------,--------,--------,--------
katherine.damontra@yahoo.ca,--------,--------,--------,--------,--------,--------
debora.lelandra@gmail.com,--------,--------,--------,--------,--------,--------
lark.aadit@gmail.com,--------,--------,--------,--------,--------,--------
janet.aariel@gatech.edu,--------,--------,--------,--------,--------,--------
april.aliska@gatech.edu,--------,--------,--------,--------,--------,--------
domenic.viola@gatech.edu,--------,--------,--------,--------,--------,--------
kaetlin.vernall@outlook.com,--------,--------,--------,--------,--------,--------
jennifer.jacqua@gmail.com,--------,--------,--------,--------,--------,--------
nicholas.katalayah@gmail.com,--------,--------,--------,--------,--------,--------
robert.mirielle@hawk.iit.edu,--------,--------,--------,--------,--------,--------
barbara.kayzleigh@gatech.edu,--------,--------,--------,--------,--------,--------
johnnie.jymon@gatech.edu,--------,--------,--------,--------,--------,--------
donna.laria@oesia.com,--------,--------,--------,--------,--------,--------
nathaniel.kiary@gmail.com,--------,--------,--------,--------,--------,--------
gene.lah@gatech.edu,--------,--------,--------,--------,--------,--------
mitchell.dawneisha@gmail.com,--------,--------,--------,--------,--------,--------
nico.riker@gmail.com,--------,--------,--------,--------,--------,--------
elijah.rachid@yahoo.com,--------,--------,--------,--------,--------,--------
scott.elowin@gmail.com,--------,--------,--------,--------,--------,--------
william.kreedence@gmail.com,--------,--------,--------,--------,--------,--------
noah.ameiyah@gatech.edu,--------,--------,--------,--------,--------,--------
hannah.cadence@gmail.com,--------,--------,--------,--------,--------,--------
john.orpah@stud.uni-due.de,--------,--------,--------,--------,--------,--------
brooke.donnalyn@gmail.com,--------,--------,--------,--------,--------,--------
donald.luukas@gmail.com,--------,--------,--------,--------,--------,--------
rose.venecia@gmail.com,--------,--------,--------,--------,--------,--------
summer.kaius@gmail.com,--------,--------,--------,--------,--------,--------
gloria.jomarie@gmail.com,--------,--------,--------,--------,--------,--------
robert.vandella@gmail.com,--------,--------,--------,--------,--------,--------
phoebe.zyrihanna@gmail.com,--------,--------,--------,--------,--------,--------
nazirah.ilyane@gmail.com,--------,--------,--------,--------,--------,--------
connie.yashica@outlook.com,--------,--------,--------,--------,--------,--------
raymond.nyailah@mail.missouri.edu,--------,--------,--------,--------,--------,--------
anamaria.ruweyda@gmail.com,--------,--------,--------,--------,--------,--------
courtney.vashonda@dlr.de,--------,--------,--------,--------,--------,--------
phyllis.darcee@gmail.com,--------,--------,--------,--------,--------,--------
devon.aleezah@gmail.com,--------,--------,--------,--------,--------,--------
brooke.daizia@gmail.com,--------,--------,--------,--------,--------,--------
virginia.demeir@onet.eu,--------,--------,--------,--------,--------,--------
brendan.massa@gmail.com,--------,--------,--------,--------,--------,--------
ivan.donnella@gatech.edu,--------,--------,--------,--------,--------,--------
michael.sansar@gmail.com,--------,--------,--------,--------,--------,--------
frances.tobijah@onet.eu,--------,--------,--------,--------,--------,--------
antonio.noureen@gmx.de,--------,--------,--------,--------,--------,--------
mary.marquarius@gmail.com,--------,--------,--------,--------,--------,--------
chaniya.elora@outlook.com,--------,--------,--------,--------,--------,--------
jessica.keriah@pm.me,--------,--------,--------,--------,--------,--------
jacob.stana@thd.vn,--------,--------,--------,--------,--------,--------
stephen.braydi@gatech.edu,--------,--------,--------,--------,--------,--------
haven.fontaine@gmail.com,--------,--------,--------,--------,--------,--------
shirley.jamaiya@gmail.com,--------,--------,--------,--------,--------,--------
richard.louden@gmail.com,--------,--------,--------,--------,--------,--------
rhoda.phia@gatech.edu,--------,--------,--------,--------,--------,--------
erin.bashiri@gatech.edu,--------,--------,--------,--------,--------,--------
gary.eardie@gmail.com,--------,--------,--------,--------,--------,--------
anita.laynee@gatech.edu,--------,--------,--------,--------,--------,--------
mishaela.mckyle@gatech.edu,--------,--------,--------,--------,--------,--------
zane.julain@gmail.com,--------,--------,--------,--------,--------,--------
james.krystalmae@mail.ru,--------,--------,--------,--------,--------,--------
david.thandiwe@gatech.edu,--------,--------,--------,--------,--------,--------
martha.azlynne@gatech.edu,--------,--------,--------,--------,--------,--------
jacob.yareny@web.de,--------,--------,--------,--------,--------,--------
ernesto.author@gmail.com,--------,--------,--------,--------,--------,--------
ethan.johnetta@gmail.com,--------,--------,--------,--------,--------,--------
audrey.bashawn@gmail.com,--------,--------,--------,--------,--------,--------
catherine.chastie@gmail.com,--------,--------,--------,--------,--------,--------
mariah.jaedah@gmail.com,--------,--------,--------,--------,--------,--------
theresa.doyel@gmail.com,--------,--------,--------,--------,--------,--------
tommy.jazlee@gatech.edu,--------,--------,--------,--------,--------,--------
angela.sone@gatech.edu,--------,--------,--------,--------,--------,--------
louis.clarencia@gmail.com,--------,--------,--------,--------,--------,--------
jessica.kambel@gmail.com,--------,--------,--------,--------,--------,--------
avery.arya@gmail.com,--------,--------,--------,--------,--------,--------
lucile.tabathia@gmail.com,--------,--------,--------,--------,--------,--------
jasmine.steelie@gatech.edu,--------,--------,--------,--------,--------,--------
mary.janeene@gatech.edu,--------,--------,--------,--------,--------,--------
michelle.riansh@gmail.com,--------,--------,--------,--------,--------,--------
clare.jontaye@gatech.edu,--------,--------,--------,--------,--------,--------
alene.shenan@gmail.com,--------,--------,--------,--------,--------,--------
bernard.candace@gmail.com,--------,--------,--------,--------,--------,--------
lucille.haygen@gatech.edu,--------,--------,--------,--------,--------,--------
elizabeth.ryle@gatech.edu,--------,--------,--------,--------,--------,--------
arthur.nayelis@chata.ai,--------,--------,--------,--------,--------,--------
melissa.henly@gmail.com,--------,--------,--------,--------,--------,--------
bernice.massimo@gmail.com,--------,--------,--------,--------,--------,--------
danial.minica@gatech.edu,--------,--------,--------,--------,--------,--------
sarah.coltrane@gmail.com,--------,--------,--------,--------,--------,--------
dannielle.malena@hotmail.com,--------,--------,--------,--------,--------,--------
anna.kristara@gmail.com,--------,--------,--------,--------,--------,--------
peggy.sinue@gm.com,--------,--------,--------,--------,--------,--------
darren.hervey@umn.edu,--------,--------,--------,--------,--------,--------
teresa.madisynn@gmail.com,--------,--------,--------,--------,--------,--------
cara.denena@brunswickschool.org,--------,--------,--------,--------,--------,--------
ezekiel.cace@gatech.edu,--------,--------,--------,--------,--------,--------
deionte.banisha@gmail.com,--------,--------,--------,--------,--------,--------
jeremy.muizz@gmail.com,--------,--------,--------,--------,--------,--------
amena.novalee@gmail.com,--------,--------,--------,--------,--------,--------
edwin.skylaa@gmail.com,--------,--------,--------,--------,--------,--------
lisa.andreas@gmail.com,--------,--------,--------,--------,--------,--------
lillie.kristyanna@gmail.com,--------,--------,--------,--------,--------,--------
carol.leonela@outlook.com,--------,--------,--------,--------,--------,--------
demi.marykathleen@gatech.edu,--------,--------,--------,--------,--------,--------
hazel.montene@hotmail.com,--------,--------,--------,--------,--------,--------
michael.braedon@gatech.edu,--------,--------,--------,--------,--------,--------
rodney.ferdinando@icloud.com,--------,--------,--------,--------,--------,--------
brianna.baryn@gmail.com,--------,--------,--------,--------,--------,--------
benson.loetta@gmail.com,--------,--------,--------,--------,--------,--------
catherine.saliya@gmail.com,--------,--------,--------,--------,--------,--------
mary.gizzelle@gatech.edu,--------,--------,--------,--------,--------,--------
lori.sefina@gmail.com,--------,--------,--------,--------,--------,--------
craig.dorsi@gmail.com,--------,--------,--------,--------,--------,--------
alton.reeshemah@gmail.com,--------,--------,--------,--------,--------,--------
richard.revecca@gmail.com,--------,--------,--------,--------,--------,--------
sadie.jaydein@hotmail.com,--------,--------,--------,--------,--------,--------
brandy.neimiah@wp.pl,--------,--------,--------,--------,--------,--------
louise.warnell@gmail.com,--------,--------,--------,--------,--------,--------
steven.hersel@gmail.com,--------,--------,--------,--------,--------,--------
jeffrey.sarilyn@gatech.edu,--------,--------,--------,--------,--------,--------
terry.rupen@gmail.com,--------,--------,--------,--------,--------,--------
judson.shaemus@gmail.com,--------,--------,--------,--------,--------,--------
hazel.dequinn@gmail.com,--------,--------,--------,--------,--------,--------
hazel.neesa@gmail.com,--------,--------,--------,--------,--------,--------
jacqueline.gerid@gmail.com,--------,--------,--------,--------,--------,--------
nevaeh.macklen@gmail.com,--------,--------,--------,--------,--------,--------
deborah.branen@gmail.com,--------,--------,--------,--------,--------,--------
samantha.vidella@gmail.com,--------,--------,--------,--------,--------,--------
christina.zubeyr@gmail.com,--------,--------,--------,--------,--------,--------
hope.finlee@gmail.com,--------,--------,--------,--------,--------,--------
nicolas.kamorra@outlook.com,--------,--------,--------,--------,--------,--------
iona.sheylla@gmail.com,--------,--------,--------,--------,--------,--------
emeri.eyren@gatech.edu,--------,--------,--------,--------,--------,--------
rick.smitha@gmail.com,--------,--------,--------,--------,--------,--------
marley.caitlyne@gmail.com,--------,--------,--------,--------,--------,--------
maurice.avelynn@hel.fi,--------,--------,--------,--------,--------,--------
steve.eulos@gatech.edu,--------,--------,--------,--------,--------,--------
david.adalbert@yandex.ru,--------,--------,--------,--------,--------,--------
amanpreet.chae@gmail.com,--------,--------,--------,--------,--------,--------
gracin.alexand@gmail.com,--------,--------,--------,--------,--------,--------
bryan.rileyrose@gmail.com,--------,--------,--------,--------,--------,--------
latonya.maiya@gmail.com,--------,--------,--------,--------,--------,--------
diana.britan@me.com,--------,--------,--------,--------,--------,--------
kathy.shatonna@gatech.edu,--------,--------,--------,--------,--------,--------
jennifer.lilyan@rabobank.nl,--------,--------,--------,--------,--------,--------
homer.ornie@gmail.com,--------,--------,--------,--------,--------,--------
jonathan.kynlei@gatech.edu,--------,--------,--------,--------,--------,--------
elizabeth.aaleena@gatech.edu,--------,--------,--------,--------,--------,--------
mckayla.matus@gmail.com,--------,--------,--------,--------,--------,--------
beckett.glendoris@outlook.com,--------,--------,--------,--------,--------,--------
lucas.vyvyan@gmail.com,--------,--------,--------,--------,--------,--------
charles.knia@qq.com,--------,--------,--------,--------,--------,--------
tkeyah.shelley@gmail.com,--------,--------,--------,--------,--------,--------
jennifer.leahgrace@live.co.uk,--------,--------,--------,--------,--------,--------
timothy.jordania@gmail.com,--------,--------,--------,--------,--------,--------
may.azelyn@edna.tech,--------,--------,--------,--------,--------,--------
kimberly.cactus@gmail.com,--------,--------,--------,--------,--------,--------
casey.iara@gmail.com,--------,--------,--------,--------,--------,--------
william.annessia@gmail.com,--------,--------,--------,--------,--------,--------
gloria.mileke@gmail.com,--------,--------,--------,--------,--------,--------
benjamin.leanie@mail.missouri.edu,--------,--------,--------,--------,--------,--------
damon.takesha@stonybrook.edu,--------,--------,--------,--------,--------,--------
mariaisabel.keondria@gatech.edu,--------,--------,--------,--------,--------,--------
john.kathrynanne@gmail.com,--------,--------,--------,--------,--------,--------
raymond.slader@gmail.com,--------,--------,--------,--------,--------,--------
megan.iyali@gmail.com,--------,--------,--------,--------,--------,--------
david.malack@gatech.edu,--------,--------,--------,--------,--------,--------
theresa.jaleea@gmail.com,--------,--------,--------,--------,--------,--------
matthew.stefeni@email.arizona.edu,--------,--------,--------,--------,--------,--------
zenobia.almira@mycit.ie,--------,--------,--------,--------,--------,--------
brady.rhodie@gatech.edu,--------,--------,--------,--------,--------,--------
rosa.wendee@gmail.com,--------,--------,--------,--------,--------,--------
stephen.deaneen@gatech.edu,--------,--------,--------,--------,--------,--------
carol.wally@gmail.com,--------,--------,--------,--------,--------,--------
chana.lestina@gmail.com,--------,--------,--------,--------,--------,--------
george.labrian@gmail.com,--------,--------,--------,--------,--------,--------
ava.jacarla@stonybrook.edu,--------,--------,--------,--------,--------,--------
steve.jlynn@hotmail.com,--------,--------,--------,--------,--------,--------
erica.shemica@hotmail.com,--------,--------,--------,--------,--------,--------
thia.coreyion@live.co.uk,--------,--------,--------,--------,--------,--------
otha.evangelyn@gmail.com,--------,--------,--------,--------,--------,--------
jacob.raekwan@gatech.edu,--------,--------,--------,--------,--------,--------
carrie.mandre@yahoo.com,--------,--------,--------,--------,--------,--------
larry.rosalei@gmail.com,--------,--------,--------,--------,--------,--------
shane.clova@mailinator.com,--------,--------,--------,--------,--------,--------
colton.rashika@gatech.edu,--------,--------,--------,--------,--------,--------
kinslee.qubilah@gmail.com,--------,--------,--------,--------,--------,--------
jessica.ousainou@hotmail.com,--------,--------,--------,--------,--------,--------
aaron.wanika@gmail.com,--------,--------,--------,--------,--------,--------
oliver.shareeta@gmail.com,--------,--------,--------,--------,--------,--------
glenn.symphany@gmail.com,--------,--------,--------,--------,--------,--------
noah.camiren@gatech.edu,--------,--------,--------,--------,--------,--------
lissette.daleigh@gmail.com,--------,--------,--------,--------,--------,--------
elizabeth.amdanda@gatech.edu,--------,--------,--------,--------,--------,--------
rochelle.osgood@yahoo.com,--------,--------,--------,--------,--------,--------
dorothy.samentha@gmail.com,--------,--------,--------,--------,--------,--------
kendra.dawnte@gmail.com,--------,--------,--------,--------,--------,--------
brittany.marvel@hotmail.com,--------,--------,--------,--------,--------,--------
adelynn.cecilio@gmail.com,--------,--------,--------,--------,--------,--------
lea.sujin@gatech.edu,--------,--------,--------,--------,--------,--------
james.maeanna@yahoo.com,--------,--------,--------,--------,--------,--------
patrick.airelle@gmail.com,--------,--------,--------,--------,--------,--------
eliyah.raam@gatech.edu,--------,--------,--------,--------,--------,--------
charles.maquisha@gmail.com,--------,--------,--------,--------,--------,--------
braylin.adelynna@gmail.com,--------,--------,--------,--------,--------,--------
dante.natsuyo@gmail.com,--------,--------,--------,--------,--------,--------
betty.keydi@gmail.com,--------,--------,--------,--------,--------,--------
kimberly.nekoda@gmail.com,--------,--------,--------,--------,--------,--------
brooklyn.hermond@gmail.com,--------,--------,--------,--------,--------,--------
tiffany.kelanie@gmail.com,--------,--------,--------,--------,--------,--------
mary.falon@gmail.com,--------,--------,--------,--------,--------,--------
elise.jenesy@gmail.com,--------,--------,--------,--------,--------,--------
summer.dezree@gmail.com,--------,--------,--------,--------,--------,--------
kyle.moyra@gatech.edu,--------,--------,--------,--------,--------,--------
arabella.annete@gmail.com,--------,--------,--------,--------,--------,--------
ida.aadiv@gatech.edu,--------,--------,--------,--------,--------,--------
ann.hridaan@gatech.edu,--------,--------,--------,--------,--------,--------
yaritza.raymound@gmail.com,--------,--------,--------,--------,--------,--------
erica.allisun@gmail.com,--------,--------,--------,--------,--------,--------
lorraine.jahzaria@gmail.com,--------,--------,--------,--------,--------,--------
john.riften@gmail.com,--------,--------,--------,--------,--------,--------
martha.leiyani@me.com,--------,--------,--------,--------,--------,--------
nina.zina@gmail.com,--------,--------,--------,--------,--------,--------
brady.aketzalli@gatech.edu,--------,--------,--------,--------,--------,--------
matthew.khaliya@gatech.edu,--------,--------,--------,--------,--------,--------
miranda.brytanni@gmail.com,--------,--------,--------,--------,--------,--------
lincoln.thomasa@gatech.edu,--------,--------,--------,--------,--------,--------
sandra.kahree@gmail.com,--------,--------,--------,--------,--------,--------
ashley.ladanien@gmail.com,--------,--------,--------,--------,--------,--------
ronnie.erlon@gmail.com,--------,--------,--------,--------,--------,--------
yareli.donika@yahoo.com,--------,--------,--------,--------,--------,--------
jeanette.geeta@gatech.edu,--------,--------,--------,--------,--------,--------
clara.afraz@gatech.edu,--------,--------,--------,--------,--------,--------
daniel.delara@gatech.edu,--------,--------,--------,--------,--------,--------
linda.jahson@gmail.com,--------,--------,--------,--------,--------,--------
frank.esty@gatech.edu,--------,--------,--------,--------,--------,--------
raven.marshie@campbellus.com,--------,--------,--------,--------,--------,--------
ruby.luiscarlos@gatech.edu,--------,--------,--------,--------,--------,--------
anne.tryon@yahoo.com,--------,--------,--------,--------,--------,--------
melaina.dakobe@gmail.com,--------,--------,--------,--------,--------,--------
matthew.fermon@outlook.com,--------,--------,--------,--------,--------,--------
michael.jalexi@gmail.com,--------,--------,--------,--------,--------,--------
jaheim.pheba@gatech.edu,--------,--------,--------,--------,--------,--------
carol.isra@gmail.com,--------,--------,--------,--------,--------,--------
laticia.cassanda@gmail.com,--------,--------,--------,--------,--------,--------
clarice.bolivia@gmail.com,--------,--------,--------,--------,--------,--------
barbara.jhovanni@gatech.edu,--------,--------,--------,--------,--------,--------
tyler.thusnelda@gmail.com,--------,--------,--------,--------,--------,--------
akira.semaje@gmail.com,--------,--------,--------,--------,--------,--------
jordan.corazon@gmail.com,--------,--------,--------,--------,--------,--------
jared.jsutin@gmail.com,--------,--------,--------,--------,--------,--------
aaron.caeson@gmail.com,--------,--------,--------,--------,--------,--------
sara.hussein@gmail.com,--------,--------,--------,--------,--------,--------
sarah.kimanh@gatech.edu,--------,--------,--------,--------,--------,--------
jose.atef@gatech.edu,--------,--------,--------,--------,--------,--------
ezequiel.sahand@gatech.edu,--------,--------,--------,--------,--------,--------
beverly.alonte@gmail.com,--------,--------,--------,--------,--------,--------
sarah.mardene@gatech.edu,--------,--------,--------,--------,--------,--------
abrial.lasco@yahoo.com,--------,--------,--------,--------,--------,--------
megan.nerita@gmail.com,--------,--------,--------,--------,--------,--------
elizabeth.lynis@gmail.com,--------,--------,--------,--------,--------,--------
kaylee.juron@gmail.com,--------,--------,--------,--------,--------,--------
mary.trayse@valensdatalabs.com,--------,--------,--------,--------,--------,--------
rena.nyelli@gmail.com,--------,--------,--------,--------,--------,--------
keith.catalena@gatech.edu,--------,--------,--------,--------,--------,--------
arnold.irieana@gatech.edu,--------,--------,--------,--------,--------,--------
tony.avanicole@hotmail.com,--------,--------,--------,--------,--------,--------
jasmine.jordanlee@hotmail.com,--------,--------,--------,--------,--------,--------
annabell.zolan@outlook.com,--------,--------,--------,--------,--------,--------
robin.golden@gatech.edu,--------,--------,--------,--------,--------,--------
lisa.arilee@gmail.com,--------,--------,--------,--------,--------,--------
sheronda.shigeki@gatech.edu,--------,--------,--------,--------,--------,--------
austin.mynette@protonmail.ch,--------,--------,--------,--------,--------,--------
sophia.jabaree@gmail.com,--------,--------,--------,--------,--------,--------
lori.jacquelynn@msn.com,--------,--------,--------,--------,--------,--------
sandra.onias@yahoo.com,--------,--------,--------,--------,--------,--------
ayden.doneal@gatech.edu,--------,--------,--------,--------,--------,--------
travis.alohalani@paintedharmony.com,--------,--------,--------,--------,--------,--------
susan.brittnany@outlook.com,--------,--------,--------,--------,--------,--------
kim.ellyson@yahoo.com,--------,--------,--------,--------,--------,--------
doreen.brandalyn@gatech.edu,--------,--------,--------,--------,--------,--------
olivine.sheleena@gatech.edu,--------,--------,--------,--------,--------,--------
adrienne.cleavland@gmail.com,--------,--------,--------,--------,--------,--------
lula.jakari@gmail.com,--------,--------,--------,--------,--------,--------
gwendolyn.tremon@gmail.com,--------,--------,--------,--------,--------,--------
kristen.nattie@gmail.com,--------,--------,--------,--------,--------,--------
bonnie.daleyah@gmail.com,--------,--------,--------,--------,--------,--------
amanda.babyboy@gmail.com,--------,--------,--------,--------,--------,--------
anthony.cragi@gatech.edu,--------,--------,--------,--------,--------,--------
brielle.nickles@yahoo.com,--------,--------,--------,--------,--------,--------
jada.ozman@gatech.edu,--------,--------,--------,--------,--------,--------
noah.kyleigh@gmail.com,--------,--------,--------,--------,--------,--------
jay.dontevius@gmail.com,--------,--------,--------,--------,--------,--------
michael.jeren@gmail.com,--------,--------,--------,--------,--------,--------
rosanne.kearney@gmail.com,--------,--------,--------,--------,--------,--------
patrick.janeicia@gmail.com,--------,--------,--------,--------,--------,--------
judith.dalane@gmail.com,--------,--------,--------,--------,--------,--------
jefferson.mirianna@gatech.edu,--------,--------,--------,--------,--------,--------
albert.dacion@gatech.edu,--------,--------,--------,--------,--------,--------
virginia.jamice@gatech.edu,--------,--------,--------,--------,--------,--------
gordon.ahmani@gmail.com,--------,--------,--------,--------,--------,--------
frances.rada@gmail.com,--------,--------,--------,--------,--------,--------
carolyn.leller@gmail.com,--------,--------,--------,--------,--------,--------
jennifer.alieya@gatech.edu,--------,--------,--------,--------,--------,--------
frank.kyna@gmail.com,--------,--------,--------,--------,--------,--------
laniya.kaya@gatech.edu,--------,--------,--------,--------,--------,--------
john.samad@gmail.com,--------,--------,--------,--------,--------,--------
sally.khylei@gatech.edu,--------,--------,--------,--------,--------,--------
janet.geancarlo@mrm-mccann.de,--------,--------,--------,--------,--------,--------
jennifer.valda@gatech.edu,--------,--------,--------,--------,--------,--------
mary.keynu@protonmail.ch,--------,--------,--------,--------,--------,--------
samantha.deroderick@gatech.edu,--------,--------,--------,--------,--------,--------
joseph.christna@gmail.com,--------,--------,--------,--------,--------,--------
lucilla.jonahel@gatech.edu,--------,--------,--------,--------,--------,--------
patti.azlynn@gmail.com,--------,--------,--------,--------,--------,--------
victoria.guiliano@gmail.com,--------,--------,--------,--------,--------,--------
albert.aalia@gatech.edu,--------,--------,--------,--------,--------,--------
anne.thorvald@gmail.com,--------,--------,--------,--------,--------,--------
cecilia.valeta@gmail.com,--------,--------,--------,--------,--------,--------
logan.viesha@ucdavis.edu,--------,--------,--------,--------,--------,--------
john.martiniano@gmail.com,--------,--------,--------,--------,--------,--------
nanayaa.jhani@gatech.edu,--------,--------,--------,--------,--------,--------
mateo.annajane@hotmail.com,--------,--------,--------,--------,--------,--------
anna.satoko@gmail.com,--------,--------,--------,--------,--------,--------
willie.breighanna@gatech.edu,--------,--------,--------,--------,--------,--------
david.janetzi@g.austincc.edu,--------,--------,--------,--------,--------,--------
thomasine.victorea@gatech.edu,--------,--------,--------,--------,--------,--------
christina.janaja@aol.com,--------,--------,--------,--------,--------,--------
nickolas.ekrem@gmail.com,--------,--------,--------,--------,--------,--------
nelson.evyonne@gatech.edu,--------,--------,--------,--------,--------,--------
jerry.isse@gmail.com,--------,--------,--------,--------,--------,--------
joe.giovanny@ymail.com,--------,--------,--------,--------,--------,--------
jessica.marios@gatech.edu,--------,--------,--------,--------,--------,--------
john.jahzi@gmail.com,--------,--------,--------,--------,--------,--------
stephanie.lekeysha@gatech.edu,--------,--------,--------,--------,--------,--------
juan.lacari@gmail.com,--------,--------,--------,--------,--------,--------
quinn.leeroy@hotmail.com,--------,--------,--------,--------,--------,--------
ayomiposi.quinetta@me.com,--------,--------,--------,--------,--------,--------
jose.deaton@gmail.com,--------,--------,--------,--------,--------,--------
morgan.linsy@gmail.com,--------,--------,--------,--------,--------,--------
tanner.lendell@gatech.edu,--------,--------,--------,--------,--------,--------
karson.forris@gmail.com,--------,--------,--------,--------,--------,--------
janet.marthaann@gatech.edu,--------,--------,--------,--------,--------,--------
yisroel.demetris@gmail.com,--------,--------,--------,--------,--------,--------
jennifer.morica@gmail.com,--------,--------,--------,--------,--------,--------
zoie.demyra@gmail.com,--------,--------,--------,--------,--------,--------
carson.lakeyta@gmail.com,--------,--------,--------,--------,--------,--------
david.takao@gmail.com,--------,--------,--------,--------,--------,--------
dwayne.glossie@gmail.com,--------,--------,--------,--------,--------,--------
miguelangel.mrk@gatech.edu,--------,--------,--------,--------,--------,--------
emma.tujuan@gmail.com,--------,--------,--------,--------,--------,--------
nicole.damishia@gmail.com,--------,--------,--------,--------,--------,--------
zakary.issiah@hotmail.com,--------,--------,--------,--------,--------,--------
albert.liston@gmail.com,--------,--------,--------,--------,--------,--------
shayan.davyan@gmail.com,--------,--------,--------,--------,--------,--------
mattie.seviah@hotmail.co.uk,--------,--------,--------,--------,--------,--------
eric.nakia@gmail.com,--------,--------,--------,--------,--------,--------
chasidy.liezel@gmail.com,--------,--------,--------,--------,--------,--------
juan.blainey@gmail.com,--------,--------,--------,--------,--------,--------
jerry.graziano@gmail.com,--------,--------,--------,--------,--------,--------
michael.jessamarie@hotmail.com,--------,--------,--------,--------,--------,--------
mateo.boykin@gmail.com,--------,--------,--------,--------,--------,--------
wendy.jamirion@gmail.com,--------,--------,--------,--------,--------,--------
mary.shiretta@gatech.edu,--------,--------,--------,--------,--------,--------
justin.bellarae@chata.ai,--------,--------,--------,--------,--------,--------
bobbie.raeya@gatech.edu,--------,--------,--------,--------,--------,--------
rebecca.nimsy@gmail.com,--------,--------,--------,--------,--------,--------
thomas.jossalyn@gmail.com,--------,--------,--------,--------,--------,--------
damon.tajae@gmail.com,--------,--------,--------,--------,--------,--------
eva.adaiyah@gmail.com,--------,--------,--------,--------,--------,--------
martin.gerladine@mac.com,--------,--------,--------,--------,--------,--------
tiffany.galdino@gatech.edu,--------,--------,--------,--------,--------,--------
cydney.meesha@gmail.com,--------,--------,--------,--------,--------,--------
terry.adelina@hawk.iit.edu,--------,--------,--------,--------,--------,--------
lavone.arelyn@gmail.com,--------,--------,--------,--------,--------,--------
jamie.minyard@gmail.com,--------,--------,--------,--------,--------,--------
amanda.elger@gmail.com,--------,--------,--------,--------,--------,--------
saundra.omni@gmail.com,--------,--------,--------,--------,--------,--------
joseph.rin@gmail.com,--------,--------,--------,--------,--------,--------
fannie.currency@gmail.com,--------,--------,--------,--------,--------,--------
keith.isayana@hotmail.com,--------,--------,--------,--------,--------,--------
logan.marinda@gatech.edu,--------,--------,--------,--------,--------,--------
ettore.lilborn@gmail.com,--------,--------,--------,--------,--------,--------
pablo.ezabel@gmail.com,--------,--------,--------,--------,--------,--------
kayson.srivatsan@hp.com,--------,--------,--------,--------,--------,--------
susan.nykole@gmail.com,--------,--------,--------,--------,--------,--------
christopher.shanille@msn.com,--------,--------,--------,--------,--------,--------
donald.arrena@gmail.com,--------,--------,--------,--------,--------,--------
john.fausta@gatech.edu,--------,--------,--------,--------,--------,--------
john.dmaurion@gatech.edu,--------,--------,--------,--------,--------,--------
annette.daquisha@gatech.edu,--------,--------,--------,--------,--------,--------
maria.jarrion@hotmail.com,--------,--------,--------,--------,--------,--------
art.lilienne@gmail.com,--------,--------,--------,--------,--------,--------
trey.evangelyne@gmail.com,--------,--------,--------,--------,--------,--------
adeline.xinrui@gmail.com,--------,--------,--------,--------,--------,--------
savannah.comesha@essec.edu,--------,--------,--------,--------,--------,--------
caius.xochitl@gmail.com,--------,--------,--------,--------,--------,--------
tracy.petula@gmail.com,--------,--------,--------,--------,--------,--------
amanda.dairo@gmail.com,--------,--------,--------,--------,--------,--------
ethan.amesha@gmail.com,--------,--------,--------,--------,--------,--------
leslie.kingdavid@gatech.edu,--------,--------,--------,--------,--------,--------
todd.reese@gmail.com,--------,--------,--------,--------,--------,--------
william.adrick@gatech.edu,--------,--------,--------,--------,--------,--------
guy.ishank@gmail.com,--------,--------,--------,--------,--------,--------
christopher.vonzel@gmail.com,--------,--------,--------,--------,--------,--------
bobby.carnes@gmail.com,--------,--------,--------,--------,--------,--------
clifton.janaisha@gatech.edu,--------,--------,--------,--------,--------,--------
andrew.cheyan@gatech.edu,--------,--------,--------,--------,--------,--------
logan.eberardo@gmail.com,--------,--------,--------,--------,--------,--------
mario.con@gmail.com,--------,--------,--------,--------,--------,--------
sullivan.damonique@itbhu.ac.in,--------,--------,--------,--------,--------,--------
george.darrylin@gmail.com,--------,--------,--------,--------,--------,--------
liam.daasia@gmail.com,--------,--------,--------,--------,--------,--------
corinne.alexiah@gmail.com,--------,--------,--------,--------,--------,--------
myron.sreeram@gmail.com,--------,--------,--------,--------,--------,--------
glenn.zipora@gmail.com,--------,--------,--------,--------,--------,--------
mary.geni@gmail.com,--------,--------,--------,--------,--------,--------
deborah.sharin@yahoo.com,--------,--------,--------,--------,--------,--------
levi.jinjer@gatech.edu,--------,--------,--------,--------,--------,--------
drucilla.waunell@gatech.edu,--------,--------,--------,--------,--------,--------
beatrice.rason@gatech.edu,--------,--------,--------,--------,--------,--------
elvie.draelyn@gtri.gatech.edu,--------,--------,--------,--------,--------,--------
thomas.aljandro@gmail.com,--------,--------,--------,--------,--------,--------
robert.haval@gmail.com,--------,--------,--------,--------,--------,--------
benjamin.keana@gmail.com,--------,--------,--------,--------,--------,--------
joanna.traylen@gatech.edu,--------,--------,--------,--------,--------,--------
clifford.sharnell@gmail.com,--------,--------,--------,--------,--------,--------
susan.skylynne@hotmail.com,--------,--------,--------,--------,--------,--------
nichole.hersel@gmail.com,--------,--------,--------,--------,--------,--------
monica.hazlynn@gmail.com,--------,--------,--------,--------,--------,--------
francis.auden@gmail.com,--------,--------,--------,--------,--------,--------
alexander.amilianna@noahliot.com,--------,--------,--------,--------,--------,--------
robert.jyn@live.com,--------,--------,--------,--------,--------,--------
donald.bernon@gatech.edu,--------,--------,--------,--------,--------,--------
christopher.julies@hotmail.com,--------,--------,--------,--------,--------,--------
