Email,problem0,problem1,problem2,problem3,problem4,Earned
jessie.armetta@gatech.edu,10.0,10.0,10.0,10.0,10.0,50.0
matthew.jacon@yahoo.com,10.0,10.0,10.0,2.0,5.0,37.0
fernando.jenzel@gmail.com,10.0,10.0,10.0,,10.0,40.0
rosemary.kevondrick@gmail.com,5.0,7.0,10.0,10.0,10.0,42.0
betty.pancho@gmail.com,10.0,10.0,10.0,10.0,10.0,50.0
sharon.syniya@gmail.com,10.0,10.0,10.0,10.0,10.0,50.0
donald.hendrick@gmail.com,5.0,10.0,5.0,,5.0,25.0
david.luchia@gmail.com,10.0,10.0,10.0,10.0,10.0,50.0
edward.elizaida@gatech.edu,10.0,10.0,10.0,10.0,10.0,50.0
cecelia.iraa@queensu.ca,10.0,10.0,10.0,10.0,8.0,48.0
jasmin.marjona@gmail.com,,0.0,10.0,10.0,5.0,25.0
charles.monir@gatech.edu,5.0,10.0,10.0,10.0,6.0,41.0
elizabeth.eizabella@gatech.edu,10.0,10.0,10.0,10.0,10.0,50.0
mae.renzie@aol.com,8.0,10.0,10.0,8.0,10.0,46.0
jessie.telesfor@gatech.edu,7.0,10.0,10.0,10.0,6.0,43.0
kristina.lichelle@hotmail.com,5.0,10.0,,,,15.0
christine.leani@yahoo.com,5.0,7.0,10.0,4.0,6.0,32.0
brian.nansy@gmail.com,10.0,10.0,10.0,,1.0,31.0
randolph.nathalye@gmail.com,7.0,10.0,10.0,9.0,10.0,46.0
matthew.amidala@gmail.com,10.0,10.0,10.0,10.0,5.0,45.0
susan.sanai@gatech.edu,10.0,10.0,10.0,10.0,10.0,50.0
samiel.yustin@gatech.edu,10.0,10.0,10.0,2.0,10.0,42.0
isabella.suesan@gmail.com,10.0,10.0,10.0,10.0,6.0,46.0
devon.jayion@gmail.com,10.0,10.0,10.0,8.0,6.0,44.0
jasmine.cread@gatech.edu,10.0,10.0,10.0,6.0,10.0,46.0
jamilah.marcellyn@yahoo.com,10.0,10.0,10.0,10.0,5.0,45.0
daniel.raihan@gmail.com,10.0,10.0,10.0,10.0,10.0,50.0
arlyn.orlandra@gmail.com,10.0,10.0,10.0,10.0,10.0,50.0
joseph.neethu@gmail.com,10.0,10.0,10.0,6.0,5.0,41.0
mary.kavaris@gmail.com,5.0,7.0,10.0,7.0,10.0,39.0
michael.jakeil@gmail.com,10.0,10.0,10.0,10.0,10.0,50.0
destiny.charnaye@gatech.edu,10.0,10.0,10.0,10.0,10.0,50.0
aneesa.blaidyn@aol.com,10.0,10.0,10.0,10.0,10.0,50.0
nathan.raylean@hotmail.com,10.0,10.0,10.0,10.0,6.0,46.0
kayla.bhavna@gatech.edu,5.0,10.0,1.0,6.0,10.0,32.0
richard.chontell@gmail.com,5.0,7.0,10.0,0.0,5.0,27.0
john.mckoy@nu.edu.kz,10.0,10.0,10.0,10.0,10.0,50.0
stella.latreace@gmail.com,10.0,7.0,10.0,0.0,5.0,32.0
william.sanvi@gmail.com,5.0,7.0,10.0,6.0,5.0,33.0
lillyanna.dester@poczta.onet.pl,10.0,10.0,10.0,10.0,10.0,50.0
leonard.fidensio@valensdatalabs.com,10.0,10.0,10.0,2.0,10.0,42.0
fatima.shack@gmail.com,10.0,10.0,10.0,10.0,6.0,46.0
hetty.jenyka@gmail.com,10.0,10.0,10.0,10.0,10.0,50.0
allison.link@yahoo.com,2.0,0.0,0.0,0.0,5.0,7.0
mary.amedio@gatech.edu,10.0,10.0,10.0,,6.0,36.0
max.nequita@valensdatalabs.com,10.0,10.0,10.0,10.0,10.0,50.0
michael.johnjack@gmail.com,10.0,10.0,10.0,10.0,10.0,50.0
ronald.elfie@gmail.com,10.0,10.0,10.0,10.0,5.0,45.0
george.hinata@gatech.edu,10.0,10.0,10.0,10.0,10.0,50.0
jan.taqi@gatech.edu,10.0,7.0,10.0,10.0,10.0,47.0
maryanne.kayge@gmail.com,10.0,10.0,10.0,4.0,10.0,44.0
leena.roah@gatech.edu,10.0,10.0,10.0,10.0,10.0,50.0
rene.amritpal@gmail.com,10.0,10.0,10.0,10.0,10.0,50.0
randy.vincente@me.com,10.0,10.0,10.0,,5.0,35.0
boston.shyera@gmail.com,3.0,10.0,10.0,0.0,5.0,28.0
thomas.masao@gmail.com,7.0,7.0,10.0,10.0,6.0,40.0
kai.rex@gmail.com,10.0,8.0,10.0,4.0,10.0,42.0
andrew.jlah@hotmail.co.uk,10.0,10.0,10.0,10.0,10.0,50.0
jessi.reggan@gmail.com,10.0,10.0,10.0,10.0,10.0,50.0
philip.lebarron@gmail.com,10.0,10.0,10.0,10.0,10.0,50.0
abigail.alizah@umich.edu,4.0,5.0,10.0,8.0,5.0,32.0
scarlett.abyssinia@gatech.edu,10.0,10.0,10.0,10.0,10.0,50.0
justin.jernee@gatech.edu,10.0,10.0,10.0,10.0,10.0,50.0
pamela.chasitity@gatech.edu,5.0,7.0,10.0,,1.0,23.0
jude.ahsir@gatech.edu,10.0,10.0,10.0,10.0,10.0,50.0
denise.zykai@gmail.com,10.0,10.0,10.0,10.0,10.0,50.0
conrad.rhonisha@vt.edu,5.0,10.0,10.0,10.0,10.0,45.0
damon.martise@gmail.com,10.0,10.0,10.0,10.0,10.0,50.0
kathryn.colt@mycit.ie,10.0,10.0,10.0,6.0,5.0,41.0
george.kayleeanna@gmail.com,8.0,10.0,10.0,3.0,10.0,41.0
blair.olivianna@gmail.com,10.0,7.0,10.0,10.0,10.0,47.0
john.ladia@mycit.ie,10.0,10.0,10.0,10.0,10.0,50.0
myron.caidin@gatech.edu,10.0,7.0,10.0,10.0,10.0,47.0
timothy.bunita@gmail.com,10.0,10.0,10.0,10.0,10.0,50.0
henry.marcenia@hel.fi,8.0,10.0,10.0,3.0,10.0,41.0
pamela.vigo@gmail.com,10.0,10.0,10.0,10.0,10.0,50.0
madeline.soila@gatech.edu,10.0,10.0,10.0,10.0,10.0,50.0
angel.eddison@gmail.com,5.0,10.0,10.0,0.0,10.0,35.0
charles.saya@gmail.com,10.0,10.0,10.0,10.0,10.0,50.0
david.zackaree@gmail.com,10.0,10.0,10.0,10.0,10.0,50.0
steven.marleyrae@gmail.com,10.0,10.0,10.0,10.0,10.0,50.0
coltin.taliya@hotmail.com,10.0,10.0,10.0,10.0,6.0,46.0
bryce.daziah@gmail.com,7.0,10.0,10.0,10.0,10.0,47.0
david.duella@gmail.com,10.0,10.0,10.0,10.0,10.0,50.0
barbara.wilhemina@gatech.edu,3.0,0.0,1.0,0.0,5.0,9.0
lowell.tylek@gatech.edu,5.0,10.0,10.0,10.0,10.0,45.0
lyrik.tasmine@hotmail.com,10.0,10.0,10.0,10.0,10.0,50.0
michelle.lawana@gmail.com,10.0,10.0,10.0,10.0,10.0,50.0
zitlaly.nester@valensdatalabs.com,10.0,10.0,10.0,8.0,10.0,48.0
john.sebria@online.de,10.0,10.0,10.0,10.0,10.0,50.0
lillian.pragna@gatech.edu,10.0,7.0,10.0,10.0,10.0,47.0
landen.micaela@gmail.com,,5.0,1.0,,5.0,11.0
bobby.dezya@gmail.com,10.0,10.0,10.0,10.0,10.0,50.0
jeanine.antesha@gmail.com,10.0,10.0,10.0,10.0,10.0,50.0
eleanor.lenoria@gmail.com,10.0,10.0,10.0,10.0,10.0,50.0
james.makaleb@gmail.com,5.0,7.0,10.0,6.0,5.0,33.0
sherrie.rury@gmail.com,10.0,10.0,10.0,10.0,10.0,50.0
tina.davontaye@gmail.com,10.0,10.0,10.0,2.0,10.0,42.0
aaliyah.tayviona@gatech.edu,3.0,2.0,10.0,8.0,10.0,33.0
david.caswell@duke.edu,10.0,10.0,10.0,7.0,5.0,42.0
christopher.sharad@hotmail.com,10.0,7.0,10.0,,0.0,27.0
galen.marilia@gmail.com,10.0,7.0,10.0,10.0,10.0,47.0
phoebe.cambi@gmail.com,10.0,7.0,,0.0,5.0,22.0
louann.jarique@gmail.com,10.0,10.0,10.0,4.0,5.0,39.0
africa.zevion@gmail.com,3.0,5.0,10.0,,5.0,23.0
janet.tenaj@gmail.com,10.0,10.0,10.0,7.0,5.0,42.0
savanna.equasha@gatech.edu,3.0,7.0,10.0,8.0,6.0,34.0
dana.branch@gmail.com,10.0,10.0,10.0,10.0,10.0,50.0
stacie.swadha@gmail.com,10.0,10.0,10.0,10.0,5.0,45.0
seneca.nasaria@gmail.com,10.0,10.0,10.0,10.0,10.0,50.0
david.viletta@gmail.com,3.0,7.0,10.0,2.0,5.0,27.0
philip.yoshinobu@gmail.com,10.0,10.0,10.0,0.0,5.0,35.0
kamil.keiarah@gmail.com,10.0,10.0,10.0,10.0,10.0,50.0
betsy.rictoria@bucknell.edu,5.0,7.0,10.0,,5.0,27.0
ryo.hinano@hotmail.co.jp,10.0,7.0,10.0,10.0,5.0,42.0
thomas.marlize@gmail.com,10.0,5.0,10.0,10.0,10.0,45.0
andrea.shayaan@gmail.com,10.0,10.0,10.0,10.0,5.0,45.0
jose.lakeeshia@rocketmail.com,10.0,10.0,10.0,10.0,10.0,50.0
adam.evemarie@gmail.com,10.0,10.0,10.0,10.0,5.0,45.0
mary.pasquinel@gmail.com,3.0,7.0,1.0,,5.0,16.0
holly.chintan@msn.com,10.0,10.0,10.0,2.0,10.0,42.0
hattie.gabriella@gmail.com,10.0,10.0,10.0,10.0,10.0,50.0
edgar.shifra@googlemail.com,5.0,,10.0,10.0,5.0,30.0
larry.girlene@gmail.com,10.0,10.0,10.0,10.0,10.0,50.0
michael.volvi@gatech.edu,10.0,10.0,10.0,10.0,10.0,50.0
abigail.lynnon@gmail.com,5.0,0.0,1.0,,1.0,7.0
sean.maizley@gmail.com,5.0,7.0,10.0,10.0,5.0,37.0
minnie.akaia@gmail.com,10.0,10.0,10.0,10.0,6.0,46.0
karina.tomea@ucr.edu,10.0,10.0,10.0,10.0,10.0,50.0
carolyn.cherin@gmail.com,5.0,10.0,10.0,10.0,0.0,35.0
gary.lamiek@gmail.com,10.0,10.0,10.0,5.0,10.0,45.0
karin.abbey@gmail.com,10.0,10.0,10.0,10.0,5.0,45.0
sandra.rethia@gmail.com,5.0,5.0,1.0,10.0,5.0,26.0
kari.reighlynn@gatech.edu,10.0,10.0,10.0,10.0,10.0,50.0
charity.rieley@gatech.edu,10.0,10.0,10.0,10.0,6.0,46.0
kassandra.starshema@gatech.edu,10.0,7.0,10.0,10.0,10.0,47.0
joan.christineanne@gmail.com,10.0,10.0,10.0,10.0,10.0,50.0
kimberly.nealon@gmail.com,,,,,10.0,10.0
marco.avry@gmail.com,10.0,10.0,10.0,10.0,10.0,50.0
alice.matthewdavid@gmail.com,10.0,10.0,10.0,8.0,10.0,48.0
frank.ethelmae@yahoo.com,10.0,10.0,10.0,10.0,10.0,50.0
dana.madisonrose@yahoo.fr,10.0,10.0,10.0,10.0,6.0,46.0
patrick.zyrion@gmail.com,5.0,10.0,10.0,2.0,5.0,32.0
deandre.jazzabella@gmail.com,,10.0,1.0,6.0,5.0,22.0
michael.latrish@selu.edu,10.0,10.0,10.0,8.0,10.0,48.0
glenda.ashritha@gmail.com,10.0,10.0,10.0,2.0,6.0,38.0
allie.jatziry@gmail.com,3.0,5.0,10.0,10.0,6.0,34.0
sean.henrene@gmail.com,10.0,10.0,10.0,10.0,10.0,50.0
anquette.zeshaun@gmail.com,10.0,10.0,10.0,10.0,5.0,45.0
jillian.myler@gmail.com,10.0,10.0,10.0,6.0,6.0,42.0
joseph.sherburne@gmail.com,10.0,10.0,10.0,10.0,10.0,50.0
brian.aloria@gmail.com,,2.0,,,,2.0
joyce.adeel@gmail.com,10.0,10.0,10.0,10.0,6.0,46.0
ron.mariadelosangel@gmail.com,10.0,10.0,10.0,10.0,10.0,50.0
juancarlos.carrye@gatech.edu,10.0,10.0,10.0,10.0,6.0,46.0
john.armando@pentafoundation.org,10.0,10.0,10.0,10.0,10.0,50.0
michelle.fionnlagh@gmail.com,10.0,7.0,10.0,,10.0,37.0
iwao.jency@gmail.com,10.0,10.0,10.0,10.0,10.0,50.0
kenneth.shontae@gmail.com,10.0,10.0,10.0,10.0,10.0,50.0
chad.kamiyra@gatech.edu,5.0,7.0,10.0,10.0,10.0,42.0
kenneth.bryland@gatech.edu,10.0,10.0,10.0,10.0,10.0,50.0
gregory.shondell@gmail.com,10.0,10.0,10.0,10.0,5.0,45.0
carlos.nasra@gatech.edu,10.0,10.0,10.0,10.0,10.0,50.0
annie.jaethan@mail.ru,10.0,10.0,10.0,8.0,5.0,43.0
vivian.kisher@gmail.com,10.0,7.0,10.0,10.0,10.0,47.0
crystal.antwann@gmail.com,10.0,10.0,10.0,10.0,10.0,50.0
tom.wallice@gmail.com,10.0,10.0,10.0,10.0,10.0,50.0
kathy.tavaughn@gmail.com,10.0,10.0,10.0,5.0,10.0,45.0
james.miina@gmail.com,5.0,10.0,10.0,,6.0,31.0
steven.dashiya@gmail.com,10.0,10.0,10.0,8.0,6.0,44.0
jenna.shaunah@gmail.com,10.0,10.0,10.0,10.0,10.0,50.0
christopher.denean@gatech.edu,10.0,10.0,10.0,10.0,10.0,50.0
jonathan.waheedah@gmail.com,8.0,10.0,10.0,8.0,5.0,41.0
kathleen.morrigan@gmail.com,10.0,10.0,10.0,10.0,10.0,50.0
justin.zende@yahoo.com,10.0,10.0,10.0,5.0,5.0,40.0
payton.michoel@gmail.com,10.0,10.0,10.0,8.0,10.0,48.0
laura.tyzier@hungperfect.com,10.0,10.0,10.0,10.0,10.0,50.0
devan.sameya@gmail.com,10.0,10.0,10.0,10.0,10.0,50.0
eugene.chares@gatech.edu,10.0,10.0,10.0,10.0,6.0,46.0
andrew.rish@hotmail.com,10.0,10.0,10.0,10.0,10.0,50.0
lester.sabrynn@gatech.edu,10.0,10.0,10.0,2.0,5.0,37.0
michael.kavayah@gatech.edu,10.0,10.0,10.0,10.0,10.0,50.0
connie.westlan@hotmail.com,5.0,7.0,10.0,0.0,5.0,27.0
barbara.dewarren@gmail.com,5.0,10.0,1.0,,6.0,22.0
matthew.juhi@gmail.com,10.0,10.0,10.0,10.0,10.0,50.0
derrick.sacario@gatech.edu,5.0,10.0,1.0,,1.0,17.0
martha.twanetta@numera.consulting,10.0,10.0,10.0,10.0,10.0,50.0
lester.yesmi@gatech.edu,10.0,10.0,10.0,10.0,6.0,46.0
edwin.dakai@gmail.com,10.0,10.0,10.0,10.0,5.0,45.0
william.artricia@vcu.edu,8.0,4.0,10.0,,5.0,27.0
alex.yaret@gatech.edu,10.0,10.0,10.0,6.0,5.0,41.0
abraham.clairece@gmail.com,10.0,10.0,10.0,8.0,10.0,48.0
dana.ashliegh@gatech.edu,10.0,10.0,10.0,,10.0,40.0
gale.syler@gmail.com,10.0,10.0,9.0,0.0,10.0,39.0
jeffrey.raoof@gmail.com,5.0,10.0,10.0,8.0,10.0,43.0
tiffany.quindell@gmail.com,10.0,10.0,10.0,10.0,10.0,50.0
ben.zaida@gatech.edu,7.0,7.0,10.0,10.0,10.0,44.0
audra.kayleh@gmail.com,5.0,10.0,10.0,10.0,10.0,45.0
winston.wymon@gmail.com,10.0,10.0,10.0,10.0,5.0,45.0
gabrielle.prinsha@gmail.com,5.0,10.0,10.0,10.0,0.0,35.0
jerry.zierre@gmail.com,10.0,10.0,10.0,10.0,10.0,50.0
paul.derrin@hawk.iit.edu,10.0,10.0,10.0,10.0,6.0,46.0
kiesha.millard@gmail.com,10.0,7.0,10.0,10.0,10.0,47.0
franklin.ginnette@gmail.com,10.0,10.0,10.0,10.0,5.0,45.0
sierra.kyrsha@gatech.edu,10.0,10.0,10.0,10.0,6.0,46.0
sherry.ayleigh@aol.com,10.0,10.0,10.0,10.0,10.0,50.0
julia.tyrene@gatech.edu,5.0,7.0,1.0,,5.0,18.0
perla.karynn@gatech.edu,10.0,10.0,10.0,10.0,5.0,45.0
susan.arville@gatech.edu,10.0,10.0,10.0,10.0,6.0,46.0
nichole.bertrice@gmail.com,10.0,10.0,10.0,,5.0,35.0
brittany.aleta@yahoo.com,10.0,10.0,10.0,10.0,10.0,50.0
elijah.lareta@gatech.edu,10.0,10.0,10.0,10.0,10.0,50.0
bernard.hammie@gatech.edu,10.0,10.0,10.0,10.0,10.0,50.0
anthony.rabi@hotmail.com,10.0,10.0,10.0,10.0,10.0,50.0
geraldine.kingsolomon@gatech.edu,10.0,10.0,10.0,10.0,10.0,50.0
dashay.lanier@gmail.com,10.0,10.0,10.0,10.0,10.0,50.0
patricia.richardjames@gmail.com,10.0,10.0,10.0,10.0,10.0,50.0
sergio.cherye@gmail.com,10.0,7.0,10.0,10.0,10.0,47.0
jenae.torrence@gatech.edu,3.0,7.0,10.0,10.0,5.0,35.0
lola.fysher@gmail.com,10.0,10.0,10.0,10.0,10.0,50.0
peter.branwyn@gmail.com,10.0,7.0,10.0,10.0,6.0,43.0
rita.devun@gmail.com,10.0,10.0,10.0,10.0,10.0,50.0
edna.teerica@gmail.com,10.0,7.0,10.0,10.0,10.0,47.0
peter.kadenn@gmail.com,10.0,10.0,10.0,,6.0,36.0
harry.dafni@icloud.com,10.0,10.0,10.0,10.0,10.0,50.0
jamie.asadbek@gmail.com,10.0,10.0,10.0,8.0,10.0,48.0
lynn.adarryll@gmail.com,7.0,10.0,10.0,10.0,5.0,42.0
dominic.lexanni@gmail.com,5.0,7.0,10.0,10.0,10.0,42.0
christian.miyisha@yahoo.com,5.0,7.0,10.0,,5.0,27.0
delaney.dshon@gmail.com,10.0,10.0,10.0,10.0,10.0,50.0
david.brandia@gmail.com,10.0,10.0,10.0,10.0,10.0,50.0
mel.gilman@gatech.edu,3.0,10.0,10.0,0.0,6.0,29.0
paul.jawaski@gmail.com,7.0,10.0,10.0,8.0,5.0,40.0
tina.starsky@outlook.com,10.0,10.0,10.0,10.0,10.0,50.0
florence.jenessa@gmail.com,10.0,10.0,10.0,,5.0,35.0
linda.sheyli@gmail.com,10.0,10.0,10.0,10.0,10.0,50.0
jarrod.onas@gatech.edu,10.0,7.0,10.0,2.0,5.0,34.0
shree.elica@gatech.edu,8.0,10.0,10.0,8.0,10.0,46.0
david.harun@gmail.com,5.0,4.0,1.0,,5.0,15.0
zuri.eilleen@gatech.edu,10.0,10.0,10.0,10.0,10.0,50.0
lucy.anouk@gmail.com,10.0,10.0,10.0,10.0,10.0,50.0
brodie.scottia@gmail.com,10.0,10.0,10.0,10.0,10.0,50.0
patricia.flodie@gatech.edu,10.0,10.0,10.0,10.0,10.0,50.0
lauren.tonnisha@gmail.com,10.0,10.0,10.0,2.0,10.0,42.0
lamar.rinya@yahoo.com,10.0,10.0,10.0,10.0,10.0,50.0
elizabeth.eryc@gmail.com,10.0,10.0,10.0,10.0,10.0,50.0
william.piers@gmail.com,10.0,10.0,10.0,10.0,5.0,45.0
michaela.ashauria@gmail.com,10.0,10.0,10.0,10.0,10.0,50.0
amanda.nikya@gmail.com,10.0,10.0,10.0,10.0,10.0,50.0
ara.dagny@outlook.com,10.0,10.0,10.0,10.0,10.0,50.0
mary.daje@gmail.com,10.0,10.0,10.0,0.0,6.0,36.0
sanquita.yhadira@gmail.com,10.0,10.0,10.0,10.0,10.0,50.0
elliott.ehlana@gmail.com,10.0,7.0,10.0,10.0,6.0,43.0
debra.shaheer@gmail.com,10.0,10.0,10.0,10.0,10.0,50.0
ethel.gordon@uoregon.edu,10.0,10.0,10.0,10.0,10.0,50.0
stephen.lakeema@gatech.edu,10.0,10.0,10.0,10.0,10.0,50.0
robert.tolisha@gatech.edu,10.0,10.0,10.0,10.0,10.0,50.0
sarah.chee@ieee.org,10.0,10.0,10.0,10.0,10.0,50.0
matthew.monise@hotmail.com,5.0,10.0,10.0,6.0,6.0,37.0
noah.jamea@gmail.com,10.0,7.0,10.0,10.0,10.0,47.0
luke.joselen@gatech.edu,10.0,10.0,10.0,10.0,6.0,46.0
henry.renasia@gatech.edu,3.0,10.0,10.0,2.0,6.0,31.0
faye.daly@yahoo.com,10.0,10.0,10.0,10.0,5.0,45.0
delores.idele@gmail.com,10.0,7.0,10.0,5.0,10.0,42.0
barbara.kalesi@gmail.com,7.0,7.0,10.0,9.0,6.0,39.0
charles.nando@gmail.com,10.0,10.0,10.0,8.0,5.0,43.0
james.adeanna@email.arizona.edu,10.0,10.0,10.0,2.0,6.0,38.0
lisa.demerion@gmail.com,5.0,7.0,5.0,,5.0,22.0
brandon.jerrill@gatech.edu,10.0,10.0,10.0,10.0,10.0,50.0
alexis.shondrea@gatech.edu,3.0,7.0,6.0,6.0,2.0,24.0
barbara.hatsumi@gmail.com,10.0,10.0,10.0,10.0,10.0,50.0
rafael.kaston@gatech.edu,8.0,7.0,10.0,10.0,6.0,41.0
alexandra.lacee@madlan.co.il,10.0,10.0,10.0,10.0,10.0,50.0
jacob.ozkar@gmail.com,7.0,10.0,5.0,6.0,8.0,36.0
luis.jonn@gmail.com,10.0,10.0,10.0,4.0,10.0,44.0
damian.imarion@gmail.com,10.0,10.0,10.0,10.0,10.0,50.0
melissa.sherriann@gmail.com,5.0,7.0,1.0,,5.0,18.0
jack.othmar@gmail.com,10.0,7.0,10.0,10.0,5.0,42.0
aaron.kyerra@foxmail.com,10.0,10.0,10.0,10.0,10.0,50.0
chris.jonithan@gmail.com,10.0,10.0,10.0,10.0,10.0,50.0
gracie.keshav@gmail.com,10.0,10.0,10.0,10.0,10.0,50.0
sammie.jaydaa@gmail.com,10.0,10.0,1.0,0.0,5.0,26.0
abigail.lanty@gatech.edu,10.0,10.0,10.0,7.0,10.0,47.0
mary.damarte@gmail.com,10.0,10.0,10.0,10.0,10.0,50.0
susan.analissa@enactdevelopment.com,10.0,7.0,10.0,10.0,10.0,47.0
samantha.dreami@gmail.com,10.0,10.0,10.0,10.0,10.0,50.0
jason.jadian@gmail.com,5.0,7.0,10.0,10.0,10.0,42.0
gary.adamina@mail.ccsf.edu,10.0,7.0,10.0,,6.0,33.0
susan.tedrina@gatech.edu,7.0,7.0,10.0,10.0,5.0,39.0
patricia.zuber@gmail.com,10.0,10.0,10.0,10.0,10.0,50.0
heather.courtnay@gmail.com,10.0,10.0,10.0,10.0,8.0,48.0
george.kareema@outlook.com,10.0,10.0,10.0,10.0,10.0,50.0
bennett.shelbert@gmail.com,10.0,10.0,10.0,5.0,10.0,45.0
robert.larico@yahoo.com,10.0,10.0,10.0,10.0,10.0,50.0
audrey.khushbu@gmail.com,3.0,2.0,10.0,10.0,5.0,30.0
lindsey.kinard@hotmail.com,10.0,10.0,10.0,10.0,6.0,46.0
hubert.kezlyn@yandex.ru,10.0,7.0,10.0,6.0,8.0,41.0
ellie.jodean@gmail.com,10.0,10.0,10.0,10.0,10.0,50.0
sheila.vananh@gmail.com,5.0,7.0,10.0,10.0,10.0,42.0
diane.mareo@gmail.com,0.0,,1.0,8.0,5.0,14.0
anita.sinclaire@yahoo.com,10.0,10.0,10.0,10.0,10.0,50.0
amanda.dvyne@gatech.edu,3.0,10.0,10.0,10.0,10.0,43.0
gabrielle.javierjr@hotmail.com,10.0,10.0,10.0,10.0,10.0,50.0
bailey.mckeyla@gatech.edu,10.0,10.0,10.0,10.0,10.0,50.0
albert.averley@gmail.com,3.0,7.0,1.0,,5.0,16.0
nancy.lebrandon@gmail.com,10.0,10.0,10.0,10.0,10.0,50.0
leigh.nadiyah@gatech.edu,10.0,10.0,10.0,8.0,10.0,48.0
jessica.rinda@gatech.edu,10.0,10.0,10.0,8.0,5.0,43.0
brian.tylicia@gmail.com,10.0,10.0,10.0,10.0,10.0,50.0
robert.eila@edna.tech,10.0,10.0,10.0,,5.0,35.0
robert.aveah@web.de,10.0,10.0,10.0,8.0,5.0,43.0
deionte.banisha@gmail.com,4.0,7.0,1.0,0.0,1.0,13.0
daniel.cuauhtli@gmail.com,10.0,7.0,10.0,10.0,10.0,47.0
david.naheem@protonmail.com,3.0,10.0,5.0,5.0,5.0,28.0
robert.gioanna@gatech.edu,5.0,7.0,10.0,10.0,10.0,42.0
sue.ikira@gmail.com,10.0,10.0,6.0,10.0,10.0,46.0
david.zarak@gmail.com,10.0,7.0,10.0,4.0,10.0,41.0
anna.waldron@gatech.edu,5.0,10.0,1.0,,5.0,21.0
margaret.tim@protonmail.com,10.0,10.0,10.0,10.0,10.0,50.0
eric.xiah@icloud.com,5.0,7.0,1.0,2.0,5.0,20.0
katelyn.sala@hotmail.com,5.0,10.0,1.0,,6.0,22.0
paul.kaylana@gatech.edu,5.0,7.0,10.0,10.0,10.0,42.0
mark.lakara@yahoo.com,10.0,10.0,10.0,10.0,10.0,50.0
oliver.caila@gatech.edu,10.0,10.0,10.0,10.0,10.0,50.0
cadence.monsserat@gmail.com,10.0,10.0,10.0,7.0,10.0,47.0
jacolyn.deborahh@live.de,5.0,4.0,10.0,0.0,5.0,24.0
mark.trayvond@gatech.edu,10.0,10.0,10.0,10.0,10.0,50.0
tiffany.rexlee@gmail.com,10.0,7.0,10.0,,5.0,32.0
mary.yahshua@gatech.edu,5.0,10.0,5.0,,6.0,26.0
nikki.lysander@gmail.com,10.0,10.0,10.0,10.0,6.0,46.0
charlene.cherree@gatech.edu,10.0,10.0,10.0,10.0,10.0,50.0
bradley.dailey@case.edu,10.0,10.0,10.0,10.0,10.0,50.0
patricia.vernell@gmail.com,10.0,10.0,10.0,10.0,5.0,45.0
analysa.taisiya@gmail.com,10.0,10.0,10.0,10.0,10.0,50.0
steven.macray@gmail.com,10.0,10.0,10.0,10.0,5.0,45.0
sarah.kimanh@gatech.edu,3.0,10.0,0.0,0.0,6.0,19.0
christopher.josericardo@gmail.com,5.0,10.0,10.0,,10.0,35.0
ryne.marialy@gmail.com,10.0,10.0,10.0,10.0,6.0,46.0
kaitlyn.asharie@gatech.edu,10.0,10.0,10.0,10.0,10.0,50.0
bonna.tahisha@yahoo.com,10.0,10.0,10.0,10.0,10.0,50.0
charles.pavni@gmail.com,10.0,10.0,10.0,10.0,10.0,50.0
jenifer.juwuan@gmail.com,10.0,7.0,10.0,10.0,6.0,43.0
meghan.karlotta@gatech.edu,10.0,10.0,10.0,,10.0,40.0
ruth.ayaa@gmail.com,10.0,10.0,10.0,10.0,10.0,50.0
fernando.djaun@iiitdm.ac.in,5.0,10.0,10.0,8.0,10.0,43.0
martha.chineme@gmail.com,8.0,10.0,10.0,4.0,6.0,38.0
judith.baelie@yahoo.com,10.0,8.0,10.0,10.0,5.0,43.0
braylon.tecia@livemail.tw,5.0,10.0,6.0,,5.0,26.0
eileen.malu@gmail.com,10.0,10.0,10.0,10.0,10.0,50.0
james.amiee@gmail.com,10.0,10.0,10.0,10.0,10.0,50.0
ethan.lakeyia@gatech.edu,7.0,10.0,10.0,10.0,10.0,47.0
ruth.laverl@yahoo.com,10.0,7.0,10.0,10.0,10.0,47.0
gary.ashyia@mail.ru,3.0,7.0,10.0,10.0,10.0,40.0
adelina.roxene@gmail.com,10.0,7.0,10.0,,5.0,32.0
charles.purdy@hotmail.com,10.0,10.0,10.0,10.0,10.0,50.0
latonya.ervena@gmail.com,5.0,10.0,10.0,10.0,10.0,45.0
mollie.gaines@gmail.com,7.0,10.0,10.0,7.0,10.0,44.0
rebecca.latrea@gmail.com,10.0,10.0,10.0,10.0,10.0,50.0
denise.rickayla@gmail.com,10.0,10.0,10.0,10.0,10.0,50.0
john.terasa@gatech.edu,10.0,7.0,1.0,2.0,5.0,25.0
patricia.ariha@gatech.edu,5.0,10.0,10.0,10.0,10.0,45.0
lily.hilry@gatech.edu,8.0,7.0,10.0,2.0,6.0,33.0
anthony.fashionette@yahoo.com,10.0,10.0,10.0,10.0,10.0,50.0
archer.arjay@gmail.com,5.0,10.0,10.0,8.0,5.0,38.0
michael.dixy@gmail.com,10.0,8.0,10.0,10.0,10.0,48.0
trey.haldrin@gmail.com,10.0,10.0,10.0,10.0,10.0,50.0
melanie.devantre@gmail.com,3.0,7.0,10.0,0.0,6.0,26.0
james.marcisha@gatech.edu,10.0,10.0,10.0,10.0,5.0,45.0
drew.artice@gmail.com,10.0,10.0,10.0,10.0,10.0,50.0
henrietta.sorayda@gmail.com,10.0,10.0,10.0,8.0,5.0,43.0
jon.durke@gmail.com,10.0,10.0,10.0,10.0,10.0,50.0
stephanie.lylarae@gatech.edu,5.0,7.0,10.0,8.0,10.0,40.0
sherree.jamesena@hotmail.com,5.0,7.0,10.0,0.0,5.0,27.0
alonso.tamarcus@gmail.com,10.0,10.0,10.0,,5.0,35.0
maximus.khingston@gmail.com,10.0,10.0,10.0,10.0,10.0,50.0
harry.narsiso@gmail.com,5.0,10.0,10.0,0.0,10.0,35.0
sampson.seine@gatech.edu,10.0,10.0,10.0,10.0,10.0,50.0
marianne.terianna@gmail.com,10.0,10.0,10.0,10.0,10.0,50.0
ashley.zadiel@gmail.com,10.0,10.0,10.0,10.0,10.0,50.0
norvell.ahmyr@gatech.edu,10.0,10.0,10.0,10.0,10.0,50.0
melanie.richana@gmail.com,10.0,10.0,10.0,10.0,10.0,50.0
clarence.wyhatt@gatech.edu,10.0,10.0,10.0,10.0,10.0,50.0
jordan.reyanne@gmail.com,10.0,10.0,10.0,10.0,10.0,50.0
christopher.dailee@gmail.com,10.0,10.0,10.0,10.0,10.0,50.0
kinley.milaysia@gmail.com,10.0,10.0,10.0,,10.0,40.0
angelo.shakwan@gatech.edu,10.0,10.0,10.0,10.0,10.0,50.0
nora.joshuajames@gatech.edu,7.0,10.0,10.0,10.0,10.0,47.0
samuel.anoria@gmail.com,5.0,10.0,10.0,2.0,6.0,33.0
harry.shiane@e.ntu.edu.sg,10.0,10.0,10.0,10.0,10.0,50.0
betsy.edwynn@mac.com,10.0,10.0,10.0,10.0,10.0,50.0
valerie.jamial@gmail.com,10.0,10.0,10.0,10.0,10.0,50.0
jason.saveria@gmail.com,10.0,10.0,10.0,10.0,10.0,50.0
julene.yovanni@unal.edu.co,10.0,10.0,10.0,10.0,10.0,50.0
inez.michol@gatech.edu,7.0,7.0,10.0,,5.0,29.0
cheryl.jaimir@hotmail.com,10.0,10.0,10.0,10.0,10.0,50.0
mason.haskell@gatech.edu,5.0,7.0,10.0,2.0,5.0,29.0
luke.lexe@gatech.edu,10.0,10.0,10.0,10.0,10.0,50.0
susan.jannick@gmail.com,10.0,10.0,10.0,10.0,6.0,46.0
thomas.dyanni@gmail.com,10.0,10.0,10.0,6.0,5.0,41.0
george.roa@hotmail.com,10.0,10.0,10.0,10.0,10.0,50.0
shakyla.freta@gmail.com,5.0,10.0,10.0,6.0,5.0,36.0
nancy.quaniya@hotmail.com,10.0,10.0,10.0,10.0,10.0,50.0
sharon.daionna@gatech.edu,10.0,10.0,10.0,10.0,10.0,50.0
harper.lemorris@gmail.com,10.0,10.0,10.0,10.0,10.0,50.0
henry.wyomia@gmail.com,5.0,7.0,10.0,10.0,6.0,38.0
matthew.taw@gmail.com,10.0,10.0,10.0,10.0,10.0,50.0
barbara.khysen@gmail.com,10.0,10.0,10.0,10.0,10.0,50.0
joseph.shariden@gmail.com,10.0,10.0,10.0,10.0,6.0,46.0
jennifer.matea@gatech.edu,5.0,10.0,10.0,10.0,10.0,45.0
jason.lovett@outlook.com,10.0,7.0,10.0,,10.0,37.0
marie.mehrish@gmail.com,10.0,10.0,10.0,10.0,10.0,50.0
adena.talaiya@qq.com,10.0,10.0,10.0,10.0,10.0,50.0
valerie.ar@gmail.com,10.0,10.0,10.0,2.0,5.0,37.0
irene.terece@gmail.com,10.0,10.0,10.0,10.0,6.0,46.0
hobart.malala@gmail.com,10.0,7.0,10.0,10.0,10.0,47.0
molly.makensey@gmail.com,10.0,10.0,10.0,2.0,10.0,42.0
paxton.maragret@gmail.com,10.0,10.0,10.0,10.0,10.0,50.0
pauline.trechelle@gmail.com,10.0,7.0,10.0,10.0,10.0,47.0
shannon.khalanii@gatech.edu,10.0,10.0,10.0,10.0,10.0,50.0
omar.cheyton@gatech.edu,10.0,10.0,10.0,10.0,10.0,50.0
johnny.anass@gmail.com,10.0,10.0,10.0,,6.0,36.0
michael.meleyah@gmail.com,10.0,10.0,10.0,10.0,10.0,50.0
alexandra.kogan@gmail.com,10.0,10.0,10.0,10.0,10.0,50.0
dejon.lyrae@gmail.com,10.0,10.0,10.0,10.0,10.0,50.0
melissa.sherral@gmail.com,5.0,7.0,10.0,10.0,5.0,37.0
monica.ahron@gmail.com,10.0,10.0,10.0,10.0,10.0,50.0
kristopher.erandi@gmail.com,7.0,10.0,10.0,,6.0,33.0
sharilyn.elvana@gmail.com,5.0,10.0,10.0,8.0,10.0,43.0
kathleen.lonn@outlook.com,10.0,10.0,10.0,10.0,10.0,50.0
margarita.zoli@gmail.com,5.0,7.0,1.0,10.0,5.0,28.0
danielle.kulsoom@gmail.com,10.0,10.0,10.0,10.0,10.0,50.0
eric.sridevi@hotmail.com,10.0,10.0,10.0,,10.0,40.0
cody.eastin@gmail.com,5.0,7.0,10.0,10.0,10.0,42.0
russell.dick@gmail.com,2.0,0.0,1.0,0.0,5.0,8.0
courtney.daymeon@alum.lehigh.edu,10.0,10.0,10.0,8.0,5.0,43.0
christine.rostam@gmail.com,3.0,,,,,3.0
tory.shritha@gmail.com,5.0,7.0,10.0,4.0,6.0,32.0
eric.tamiesha@gmail.com,8.0,10.0,1.0,,5.0,24.0
stanley.denaly@gmail.com,5.0,10.0,10.0,10.0,10.0,45.0
john.sujit@gmail.com,10.0,10.0,10.0,10.0,10.0,50.0
kyler.kimya@gmail.com,5.0,7.0,10.0,,5.0,27.0
patricia.breely@gmail.com,10.0,10.0,10.0,10.0,10.0,50.0
richard.marshaye@gmail.com,8.0,10.0,10.0,10.0,6.0,44.0
breanna.abdulmalek@gatech.edu,3.0,10.0,1.0,0.0,1.0,15.0
jeri.robynn@gmail.com,8.0,10.0,10.0,10.0,5.0,43.0
terry.shantrece@gmail.com,10.0,10.0,10.0,8.0,10.0,48.0
leta.kartier@gmail.com,3.0,2.0,10.0,2.0,5.0,22.0
lynlee.khalayah@hotmail.com,5.0,7.0,1.0,2.0,,15.0
savanna.montral@gatech.edu,10.0,10.0,10.0,10.0,10.0,50.0
deborah.quinneshia@gmail.com,10.0,7.0,10.0,10.0,10.0,47.0
bonita.keneasha@gatech.edu,10.0,10.0,10.0,10.0,10.0,50.0
rashad.datra@gmail.com,10.0,10.0,10.0,10.0,10.0,50.0
elizabeth.america@gmail.com,5.0,7.0,1.0,0.0,10.0,23.0
gael.iduma@hotmail.com,10.0,10.0,10.0,0.0,10.0,40.0
keith.saraiya@gmail.com,10.0,10.0,10.0,2.0,5.0,37.0
carlyn.teffany@gmail.com,10.0,7.0,10.0,10.0,10.0,47.0
hayden.mixtly@ieee.org,10.0,7.0,10.0,7.0,6.0,40.0
micheal.glenola@gatech.edu,10.0,10.0,10.0,10.0,5.0,45.0
ryann.satsuko@gmail.com,10.0,10.0,10.0,10.0,6.0,46.0
john.bergin@gatech.edu,2.0,2.0,10.0,7.0,5.0,26.0
paul.laconya@gmail.com,7.0,7.0,10.0,10.0,5.0,39.0
jade.tliyah@gmail.com,10.0,10.0,10.0,6.0,10.0,46.0
gerardo.allesha@gmail.com,10.0,7.0,10.0,10.0,10.0,47.0
nancy.saba@yahoo.com,10.0,10.0,10.0,8.0,5.0,43.0
joy.jaceion@gmail.com,10.0,10.0,10.0,10.0,10.0,50.0
john.briyelle@gatech.edu,5.0,7.0,10.0,,5.0,27.0
mary.lunalee@gmail.com,10.0,10.0,10.0,10.0,10.0,50.0
xavier.lavesta@gmail.com,10.0,7.0,10.0,,5.0,32.0
christian.anum@gmail.com,10.0,10.0,10.0,10.0,10.0,50.0
randall.bedelia@gmail.com,10.0,7.0,10.0,,10.0,37.0
jacob.talecia@gmail.com,10.0,7.0,10.0,,5.0,32.0
calvin.taskin@gmail.com,10.0,10.0,10.0,10.0,10.0,50.0
jennifer.rodericus@gmail.com,10.0,10.0,,1.0,5.0,26.0
tiare.capree@gatech.edu,3.0,0.0,10.0,6.0,6.0,25.0
mary.issys@gatech.edu,10.0,10.0,10.0,10.0,10.0,50.0
brian.moni@gmail.com,10.0,10.0,10.0,10.0,10.0,50.0
jackie.barrion@live.de,10.0,10.0,10.0,10.0,5.0,45.0
jordan.trenetta@gmail.com,10.0,10.0,10.0,10.0,5.0,45.0
robin.kathren@gmail.com,10.0,10.0,10.0,10.0,10.0,50.0
james.sephiroth@gmail.com,5.0,7.0,10.0,8.0,10.0,40.0
harold.phillip@gatech.edu,10.0,10.0,5.0,0.0,5.0,30.0
taryn.raneshia@yahoo.co.id,7.0,10.0,10.0,10.0,10.0,47.0
gino.branston@gatech.edu,10.0,10.0,10.0,10.0,10.0,50.0
kayla.pamalee@protonmail.com,5.0,7.0,10.0,8.0,6.0,36.0
john.ruther@gmail.com,5.0,7.0,10.0,10.0,10.0,42.0
lukas.marcquise@gmail.com,8.0,7.0,10.0,2.0,10.0,37.0
bonnie.dreylan@gatech.edu,10.0,10.0,10.0,10.0,10.0,50.0
olivia.prit@yahoo.com,5.0,7.0,1.0,0.0,5.0,18.0
chelsea.dilann@gatech.edu,10.0,10.0,10.0,8.0,5.0,43.0
dylan.aziria@gmail.com,10.0,10.0,10.0,10.0,10.0,50.0
edgar.paishance@umn.edu,10.0,7.0,10.0,8.0,5.0,40.0
gloria.zaed@gmail.com,7.0,10.0,10.0,10.0,6.0,43.0
olivia.geral@yahoo.com,10.0,10.0,10.0,10.0,10.0,50.0
francis.hazlie@gmail.com,5.0,2.0,10.0,10.0,0.0,27.0
sarah.sheylin@gmail.com,10.0,10.0,10.0,8.0,10.0,48.0
alexander.rollan@gatech.edu,10.0,10.0,10.0,10.0,10.0,50.0
ashir.clintin@gatech.edu,10.0,10.0,10.0,10.0,10.0,50.0
charles.tocha@gmail.com,5.0,7.0,10.0,8.0,,30.0
rita.sidny@gmail.com,10.0,7.0,10.0,10.0,10.0,47.0
angela.lynisha@gatech.edu,10.0,10.0,10.0,10.0,10.0,50.0
erika.diaan@gmail.com,10.0,10.0,10.0,10.0,10.0,50.0
robert.burnest@gmail.com,5.0,7.0,10.0,10.0,5.0,37.0
amanda.hessa@gatech.edu,7.0,10.0,10.0,10.0,5.0,42.0
samantha.vidella@gmail.com,10.0,10.0,10.0,10.0,10.0,50.0
barbara.khendra@gatech.edu,10.0,10.0,10.0,10.0,10.0,50.0
barbara.carma@outlook.com,10.0,0.0,10.0,7.0,5.0,32.0
george.eliyan@gmail.com,10.0,10.0,10.0,10.0,8.0,48.0
jessica.sakya@gatech.edu,10.0,10.0,10.0,10.0,10.0,50.0
amaya.krew@gmail.com,10.0,10.0,10.0,10.0,10.0,50.0
karen.tanji@gatech.edu,10.0,10.0,10.0,10.0,10.0,50.0
arthur.donnaven@rabobank.nl,7.0,7.0,10.0,10.0,10.0,44.0
jonathan.nilsa@gmail.com,10.0,10.0,10.0,6.0,10.0,46.0
jewell.av@qq.com,3.0,10.0,10.0,,5.0,28.0
arthur.skii@gatech.edu,10.0,10.0,10.0,10.0,5.0,45.0
nathan.lawyer@gmail.com,3.0,10.0,,7.0,10.0,30.0
brianna.jenysis@gatech.edu,9.0,10.0,10.0,10.0,10.0,49.0
jesus.monserrath@gmail.com,9.0,10.0,10.0,1.0,5.0,35.0
nikolaj.correne@att.net,10.0,10.0,10.0,10.0,10.0,50.0
lisa.hovik@gmail.com,5.0,7.0,10.0,2.0,5.0,29.0
mary.wesner@gatech.edu,7.0,7.0,10.0,0.0,10.0,34.0
scott.tyreka@gatech.edu,10.0,10.0,10.0,10.0,10.0,50.0
francisco.anyeline@gatech.edu,10.0,10.0,10.0,6.0,5.0,41.0
benjamin.zanthia@gatech.edu,10.0,10.0,10.0,10.0,10.0,50.0
jesse.aritzi@gmail.com,2.0,,1.0,,5.0,8.0
kathleen.clesha@gmail.com,10.0,10.0,10.0,10.0,10.0,50.0
patt.dolora@gmail.com,10.0,10.0,10.0,8.0,10.0,48.0
louise.aaravi@hotmail.com,10.0,10.0,10.0,10.0,10.0,50.0
paul.paxson@gatech.edu,10.0,10.0,10.0,8.0,6.0,44.0
lorita.theral@gatech.edu,10.0,10.0,1.0,2.0,5.0,28.0
natalie.wandell@gmail.com,10.0,10.0,10.0,2.0,5.0,37.0
vickie.tkiyah@gatech.edu,10.0,10.0,1.0,,5.0,26.0
delores.christipher@gmail.com,10.0,10.0,10.0,10.0,10.0,50.0
wm.charrisse@gatech.edu,10.0,10.0,10.0,10.0,10.0,50.0
john.kyelee@gatech.edu,5.0,7.0,10.0,,1.0,23.0
chad.darnella@gmail.com,10.0,10.0,10.0,10.0,10.0,50.0
eli.sascha@yahoo.com,8.0,7.0,1.0,,5.0,21.0
jazlyn.florin@gmail.com,5.0,10.0,1.0,1.0,6.0,23.0
jaime.maasai@gmail.com,3.0,7.0,10.0,4.0,6.0,30.0
laila.marae@gatech.edu,10.0,10.0,10.0,10.0,10.0,50.0
lawrence.kiyona@hotmail.com,5.0,7.0,10.0,2.0,1.0,25.0
dorothy.leycester@gmail.com,7.0,7.0,10.0,10.0,6.0,40.0
eugene.glema@hotmail.com,10.0,10.0,10.0,10.0,10.0,50.0
ronald.ezell@gatech.edu,5.0,10.0,1.0,,5.0,21.0
john.jogina@gmail.com,10.0,10.0,10.0,10.0,10.0,50.0
beckett.sameia@gatech.edu,5.0,7.0,10.0,,5.0,27.0
stacy.loneta@gmail.com,10.0,10.0,10.0,10.0,10.0,50.0
connor.amilliona@gatech.edu,10.0,10.0,10.0,10.0,10.0,50.0
willard.tammela@hotmail.com,10.0,10.0,10.0,10.0,6.0,46.0
juanita.esiah@gmail.com,10.0,10.0,10.0,10.0,10.0,50.0
llewellyn.tsurue@gmail.com,10.0,10.0,10.0,10.0,10.0,50.0
kayli.christyn@gmail.com,5.0,10.0,10.0,,5.0,30.0
daniel.tashera@gmail.com,10.0,10.0,1.0,,,21.0
ora.ahnjayla@gatech.edu,10.0,10.0,10.0,6.0,10.0,46.0
todd.laylynn@ucdavis.edu,3.0,,,,,3.0
emily.zoeyann@gmail.com,10.0,10.0,10.0,10.0,10.0,50.0
michael.afeni@gatech.edu,5.0,7.0,10.0,2.0,6.0,30.0
lisa.andreas@gmail.com,,7.0,1.0,,,8.0
craig.doraine@gmail.com,10.0,10.0,10.0,10.0,10.0,50.0
demetrie.randin@gmail.com,10.0,10.0,10.0,10.0,5.0,45.0
robert.berita@gatech.edu,10.0,10.0,10.0,10.0,5.0,45.0
jeffery.martrail@gatech.edu,10.0,10.0,10.0,10.0,10.0,50.0
heather.vedah@gmail.com,5.0,10.0,1.0,,1.0,17.0
laura.madelena@gatech.edu,5.0,0.0,1.0,2.0,5.0,13.0
aubrey.keadyn@gmail.com,10.0,10.0,10.0,10.0,10.0,50.0
alonzo.tyrell@gmail.com,10.0,7.0,10.0,2.0,,29.0
meredith.rakyla@hotmail.com,3.0,2.0,10.0,,5.0,20.0
darnell.mundi@gatech.edu,10.0,10.0,10.0,6.0,10.0,46.0
carl.shavannah@gatech.edu,10.0,10.0,10.0,10.0,10.0,50.0
dustin.maleeah@gmail.com,10.0,10.0,10.0,5.0,10.0,45.0
canaan.cynsere@hotmail.com,5.0,7.0,10.0,7.0,0.0,29.0
sophie.merika@gmail.com,10.0,10.0,10.0,10.0,10.0,50.0
chanel.hooria@hotmail.com,6.0,7.0,10.0,10.0,10.0,43.0
jarvis.avitaz@gmail.com,3.0,10.0,10.0,9.0,10.0,42.0
lillie.clover@gatech.edu,10.0,10.0,10.0,10.0,10.0,50.0
tristen.markiah@gatech.edu,5.0,7.0,10.0,7.0,10.0,39.0
alex.mesias@gmail.com,10.0,10.0,1.0,2.0,8.0,31.0
maude.joxiel@gmail.com,3.0,2.0,1.0,2.0,5.0,13.0
krista.jericka@gmail.com,5.0,7.0,10.0,,10.0,32.0
michael.corderick@gmail.com,10.0,10.0,10.0,7.0,5.0,42.0
dennis.nolin@gmail.com,3.0,0.0,1.0,0.0,,4.0
antonia.ellymae@gatech.edu,10.0,10.0,10.0,10.0,10.0,50.0
helana.khalyn@gmail.com,10.0,10.0,10.0,0.0,5.0,35.0
earl.mahika@gmail.com,10.0,10.0,10.0,8.0,6.0,44.0
cathy.abdula@gmail.com,10.0,10.0,10.0,7.0,5.0,42.0
olga.shane@gatech.edu,10.0,10.0,10.0,10.0,10.0,50.0
stephen.clarance@gmail.com,10.0,10.0,10.0,10.0,10.0,50.0
charles.jorelys@gmail.com,10.0,7.0,10.0,10.0,10.0,47.0
bryan.vancy@gmail.com,5.0,7.0,10.0,4.0,10.0,36.0
thomas.lucillia@asu.edu,5.0,7.0,10.0,4.0,5.0,31.0
elizabeth.shaiden@pwc.com,8.0,10.0,10.0,10.0,10.0,48.0
nicholas.tajveer@virginia.edu,3.0,7.0,10.0,7.0,5.0,32.0
debra.nirah@gmail.com,5.0,10.0,10.0,10.0,5.0,40.0
daniel.niemah@gmail.com,5.0,10.0,10.0,2.0,10.0,37.0
raina.sheehan@gmail.com,10.0,10.0,10.0,10.0,10.0,50.0
mark.allysia@gmail.com,10.0,10.0,10.0,5.0,5.0,40.0
elizabeth.veton@gmail.com,10.0,10.0,10.0,10.0,10.0,50.0
carolyn.lamontez@gmail.com,10.0,8.0,10.0,0.0,5.0,33.0
claude.tarolyn@gmail.com,10.0,10.0,10.0,10.0,10.0,50.0
nika.daija@gmail.com,3.0,7.0,9.0,6.0,5.0,30.0
virginia.marqell@gmail.com,7.0,7.0,10.0,10.0,10.0,44.0
barbara.shaniki@gmail.com,5.0,7.0,10.0,8.0,1.0,31.0
nicki.jovianne@gatech.edu,10.0,10.0,1.0,0.0,0.0,21.0
mary.ceniyah@brunswickschool.org,10.0,10.0,1.0,3.0,10.0,34.0
barrett.wayland@gmail.com,5.0,10.0,10.0,10.0,5.0,40.0
matthew.kayli@gatech.edu,10.0,10.0,10.0,4.0,5.0,39.0
tyler.raeyna@gmail.com,10.0,10.0,10.0,10.0,5.0,45.0
katherine.gicel@gmail.com,10.0,10.0,10.0,10.0,10.0,50.0
angela.sone@gatech.edu,3.0,2.0,,,,5.0
nancy.roslin@gmail.com,10.0,10.0,10.0,10.0,10.0,50.0
angel.kaesha@gatech.edu,10.0,10.0,10.0,,6.0,36.0
christopher.jullianne@gatech.edu,5.0,5.0,1.0,,5.0,16.0
alexis.lareesa@gatech.edu,10.0,10.0,10.0,10.0,10.0,50.0
buddy.keyria@gmail.com,10.0,10.0,10.0,10.0,5.0,45.0
john.searcy@gmail.com,,7.0,1.0,,,8.0
ruth.giovanny@hotmail.co.uk,10.0,10.0,10.0,10.0,10.0,50.0
jayson.kineta@gatech.edu,10.0,10.0,10.0,10.0,5.0,45.0
michael.pansy@gmail.com,10.0,7.0,10.0,10.0,6.0,43.0
marcus.rinda@gmail.com,3.0,,,,,3.0
chelsea.jaretzi@utexas.edu,8.0,7.0,1.0,,5.0,21.0
nina.alvin@gmail.com,10.0,10.0,10.0,10.0,8.0,48.0
tracy.giovoni@gatech.edu,10.0,10.0,10.0,10.0,10.0,50.0
edwin.felesha@gmail.com,3.0,7.0,1.0,,,11.0
milagros.victorialynn@gmail.com,10.0,10.0,10.0,10.0,5.0,45.0
robert.sebern@gmail.com,3.0,10.0,10.0,,,23.0
daniel.nathane@yahoo.com,5.0,0.0,1.0,0.0,0.0,6.0
michael.alaynia@gatech.edu,10.0,10.0,10.0,10.0,10.0,50.0
crystal.chakayla@gmail.com,10.0,10.0,10.0,10.0,10.0,50.0
david.zamaiya@gatech.edu,10.0,10.0,10.0,10.0,10.0,50.0
alaric.dejuna@gmail.com,3.0,5.0,10.0,,,18.0
levi.kadan@gmail.com,10.0,4.0,,,,14.0
linda.jamise@gatech.edu,5.0,7.0,10.0,,10.0,32.0
cecelia.lasondra@gmail.com,3.0,7.0,1.0,,10.0,21.0
mitchell.owin@gmail.com,10.0,10.0,5.0,,1.0,26.0
victoria.shanegua@hotmail.com,3.0,10.0,10.0,,5.0,28.0
alana.dasianae@me.com,10.0,10.0,10.0,10.0,10.0,50.0
bruce.ranelle@gmail.com,10.0,10.0,,,,20.0
michael.vanelope@t-mobile.com,10.0,8.0,10.0,8.0,10.0,46.0
norine.hiliary@gmail.com,10.0,10.0,,,5.0,25.0
karen.adnrew@google.com,5.0,7.0,10.0,8.0,10.0,40.0
joseph.zakia@gmail.com,3.0,2.0,1.0,6.0,1.0,13.0
evan.kuhao@gatech.edu,5.0,10.0,6.0,8.0,5.0,34.0
eddie.suvam@gmail.com,10.0,10.0,10.0,,6.0,36.0
randy.adeliz@northsouth.edu,10.0,7.0,10.0,,5.0,32.0
bridget.zykeira@gmail.com,5.0,7.0,10.0,10.0,10.0,42.0
kelly.barrick@gmail.com,3.0,7.0,1.0,2.0,2.0,15.0
fredrick.aleata@gatech.edu,10.0,10.0,10.0,10.0,10.0,50.0
lori.soren@gmail.com,10.0,10.0,10.0,10.0,10.0,50.0
bryan.carmindy@umn.edu,5.0,7.0,10.0,10.0,10.0,42.0
